time,ne_labrador,se_usa,midwest,rocky_mt,w_usa,c_canada,alaska_yukon,greenland,mediterranean,scandinavia,uk,c_north_europe,iceland,siberia,e_china_japan,tibet,se_asia,australia,new_zealand,n_indian_ocean,e_africa,s_africa,w_africa,c_atlantic,s_atlantic,e_pacific,chile,antarctica,russian_far_east,carribean,se_brazil
100,-0.440053502,-1.140579433,0.073498189,1.190163027,-0.866174765,-0.21077769,1.0654935,0.760678169,-0.779112347,0.638892443,3.576964807,0.62781279,-0.301322511,-1.059024857,-0.858159087,-0.051675793,0.210141416,-0.084370786,-0.002196147,0.167190835,-0.76129302,0.935963519,0.327620604,2.749735275,-1.361435818,-0.675542521,-0.816993033,-0.172970134,NA,1.391813781,NA
200,-0.580694444,-0.383190546,0.066240161,1.721741531,-0.512768365,-0.142767709,1.014197214,0.907098153,-0.290806471,0.174262492,3.58844073,0.741184444,-0.304511898,-0.915633256,0.159626605,0.037557851,0.222211155,0.107745408,-0.050725943,-0.235716548,-0.166847165,0.80435506,0.374086006,0.606251406,-2.16011818,-0.119234571,-0.468693398,-0.321798712,NA,1.268274117,NA
300,-1.004086528,-0.518585978,0.08500859,1.725911319,-0.570937552,-0.155644862,1.10509711,0.407802618,0.142181836,0.182355931,2.381281955,0.569448431,0.112110808,-0.730747649,-0.122036993,0.349631382,0.14489158,0.147981968,-0.140609509,0.165558194,-0.262190571,0.596224484,0.482418188,0.19940623,-1.441272685,0.264809324,-0.57745492,-0.198084718,NA,1.144734455,NA
400,-0.755445727,-0.166469163,0.094341379,1.484705049,-0.479926819,-0.190922404,0.506367628,0.292269538,0.388772697,-0.007073717,2.428013329,0.391654831,-0.130321782,-0.557978574,-0.072873952,-0.310328012,0.595668508,-0.022369694,-0.205105219,0.22128579,-0.24548669,0.554128761,0.010529019,0.197055473,-1.137141253,0.36686386,-0.287583858,-0.004979797,NA,0.149998279,NA
500,-0.910283621,-0.325335223,0.071774541,1.631840834,-0.53661168,-0.198286492,0.40610923,0.143909539,0.479247009,0.093329823,2.008961187,0.792302772,0.515187329,-0.628873903,-0.015834949,-0.762894626,0.150484797,-0.311632041,-0.126970589,0.231798729,-0.793626381,0.710586235,-0.033970039,0.52175364,0.494008384,0.21698673,-0.212647726,-0.455195788,-0.389000722,-0.011890943,-0.045373145
600,-0.848066774,-1.176013033,0.090185199,1.556776798,-0.89676689,-0.400719047,0.441760473,0.422919002,0.224485872,-0.527337963,1.989002182,0.685543145,0.758109015,-0.749695201,0.007493359,-0.4887463,0.291227492,-0.184067347,-0.055571223,0.100007587,-0.591288093,0.73899613,0.140337381,0.612408548,-0.536969635,0.110629984,-0.258467679,-0.209467495,-0.279307752,0.495778599,-0.045373145
700,-0.805521493,-0.734348786,0.168176625,1.739247313,-0.57145277,-0.426082293,0.307202601,0.443287213,0.117025876,-0.109277047,2.056019717,0.481633011,-0.052872259,-0.717041584,-0.093503291,-0.455691513,0.29294451,-0.489418015,0.369297496,0.199847882,-0.195154838,0.660546529,0.223060278,0.628192851,-0.958525628,-0.203968788,-0.260819145,-0.286046505,-0.396957256,0.613613939,0.434578444
800,-0.803387544,-0.75081863,0.143369205,1.967898647,-0.205851815,-0.502589928,0.459138825,0.532322717,0.084840614,-0.169699566,1.82285321,0.425766379,-0.167452665,-0.682039532,-0.249152014,-0.320777411,0.40966925,-0.378339787,0.120467791,0.158421535,-0.387320685,0.786226813,0.12241845,0.306569005,-0.865179374,-0.326925728,-0.345142181,0.002842297,-0.249730519,0.50662337,-0.577276037
900,-0.69077312,-0.634408072,0.186423578,2.052094009,0.317931083,-0.424348091,0.475886131,0.729863413,0.272014021,-0.234668683,0.825989278,0.416292008,0.218082768,-0.658130067,-0.223128781,-0.222700723,0.345938799,-0.290159087,-0.051904119,0.097589875,-0.608588122,0.663367884,0.128712747,0.503714834,-1.180196955,-0.36803515,0.033944166,-0.061576226,-0.260142206,0.514937461,-0.411956252
1000,-0.6148776,-0.882912537,0.264222947,1.871197683,0.359566104,-0.249453963,0.503042471,1.097181186,0.288122023,-0.21816258,1.400446769,0.441392266,0.002896392,-0.57285932,-0.178181126,-0.136822571,0.315079491,-0.266982766,-0.468568093,0.062370986,-0.717809845,0.563056598,0.1376883,0.779088162,-1.243457932,-0.337248001,-0.083277802,-0.71926181,-0.344457843,0.460979215,-0.147293367
1100,-0.572699739,-1.101520564,0.259075938,1.896099279,0.450267,-0.352721592,0.53644074,0.629163674,0.383726699,-0.09571346,1.395898672,0.582425175,0.145222737,-0.584291689,0.049558753,-0.159880523,0.213361637,-0.112315813,-0.471092224,0.334712732,-0.616919357,0.441635736,0.14623246,0.858131696,0.309895775,-0.274096711,-0.147852123,-0.782189368,-0.648711098,0.527457531,0.264505508
1200,-0.605973051,-0.989205138,0.273319267,1.910506526,0.342353589,-0.487930038,0.438091078,0.660953044,0.473898397,0.007352803,1.213398903,1.008169601,0.316655466,-0.666168042,0.008932127,-0.159847731,0.388308203,-0.13212384,-0.399413618,0.399483573,-0.355831241,0.478633859,0.210712746,0.755272932,0.19817858,-0.391561496,-0.280121598,-0.459383598,-0.662000928,0.457548315,0.955641288
1300,-0.535424613,-1.165400892,0.301389049,1.656176598,0.038956321,-0.406362851,0.398890508,0.663389061,0.1825065,-0.097935906,1.247426074,0.730682158,0.337614539,-0.543485488,-0.18441721,-0.10860098,0.280409091,-0.098024804,-0.290602251,0.372734085,-0.14423223,0.530888523,0.134345564,0.844034633,0.137629175,-0.191422471,-0.285509091,-0.509618233,-0.756795279,0.40217952,1.593096946
1400,-0.334526307,-1.380121775,0.338951981,1.64123347,-0.803538119,-0.307873827,0.424047018,0.438203041,0.144157409,-0.171672651,1.687813164,0.28310063,0.29753191,-0.489698229,-0.178168463,-0.342530364,0.234930697,-0.02095186,-0.245809103,0.384832267,-0.282888017,0.528579791,0.242331462,0.892262787,-0.06958043,-0.120555146,-0.199630449,-0.422354116,-0.732850682,0.519682701,1.117165458
1500,-0.440291278,-1.096267361,0.353969553,1.702178683,-0.92127524,-0.559111085,0.488700365,0.315987926,0.208323047,-0.066292213,2.257109799,0.364868782,0.278460378,-0.50128239,-0.307521683,-0.393158459,0.251486151,0.025060256,-0.327928774,0.284913404,-0.265159355,0.456350826,0.317419268,-0.040749466,-0.625709148,-0.041128736,0.015581305,-0.588886125,-0.738827419,0.595702619,0.777051653
1600,-0.503997941,-0.923091475,0.383694621,1.479154684,-0.216833764,-0.717804019,0.453451133,0.300598915,0.102926456,0.068054149,2.104606715,0.653040239,-0.058263416,-0.621874641,-0.183012389,-0.785380356,0.170839869,0.056424886,-0.389383287,0.205422558,-0.280134579,0.324347943,0.579322866,0.181861492,-0.10695285,-0.021935648,0.028098667,-0.741522617,-0.74935896,0.643763169,0.769668184
1700,-0.690011696,-0.890263621,0.416593634,1.542936505,-0.845883836,-0.785326869,0.347962222,0.496439396,0.038215162,-0.005081923,1.730718286,0.711779212,-0.298843141,-0.596500776,-0.115532537,-0.729022179,0.29195363,0.084936785,-0.332565618,0.231391967,-0.419880444,0.237916751,0.562614598,0.182541255,-1.696928602,0.074308126,0.177202169,-0.561751122,-0.774878135,0.671447992,0.812622879
1800,-0.314253025,-0.627016201,0.436887748,1.609647591,-0.82759254,-0.592686197,0.234642496,0.59683492,0.123471627,0.085651552,1.494188437,0.754658272,-0.022357589,-0.663962947,-0.063406185,-0.961028434,0.1567086,0.097502466,-0.332130606,0.309922907,-0.404193319,0.338395742,0.495401069,0.236231101,-1.817008789,0.010703463,0.381359328,-0.337050426,-0.799147765,0.87260028,0.844631261
1900,-0.527222608,-0.621496908,0.406000662,1.627538259,-0.665679644,-0.441779426,0.266862395,0.580788426,0.212306967,0.043444788,1.560577922,0.741898652,-0.119039001,-0.714997095,-0.101736977,-0.632507079,-0.016635362,0.056649657,-0.235436034,0.027451822,-0.211863742,0.388168486,0.536572372,0.171624584,-2.241666771,-0.127317017,0.435355494,-0.513933067,-0.830952484,0.896783512,0.841976319
2000,-0.346623887,-0.49728662,0.412931672,1.543730196,-0.425628656,-0.167665362,0.347260857,0.540424738,0.368039645,0.206133155,1.611424951,0.825277541,-0.108573173,-0.705111663,-0.065147037,-0.484442931,0.034152739,0.00550978,-0.319801664,0.39675038,-0.131495484,0.425821967,0.522241162,0.233030057,-1.826464007,-0.042268105,0.391969564,-0.861612509,-0.81599729,0.714771444,0.692610238
2100,-0.434322057,-0.315493413,0.416446751,1.485021446,0.004633367,0.021758683,0.447377396,0.457957269,0.498828987,0.168482918,2.101364814,0.939083603,-0.196259483,-0.557584326,0.003838705,-0.609219323,0.075869211,-0.043374894,-0.257804772,0.191343567,-0.206357752,0.475951905,0.505716986,0.397910697,-2.20023963,-0.120213434,0.420320295,-0.861623016,-0.775089674,0.313477854,0.462157483
2200,-0.341343859,-0.107157006,0.478914511,1.465322894,-0.134204055,-0.112091267,0.465432428,0.640322444,0.507802787,-0.169068768,2.03812967,0.808724697,0.085348036,-0.530883036,-0.000189971,-0.460587783,0.038390801,-0.061157125,-0.19928214,0.275505257,-0.255786289,0.424093634,0.5220191,0.381824485,-1.901777659,-0.093176463,0.062183965,-0.500049565,-0.822735896,0.56102557,0.717762416
2300,-0.121271568,0.326376085,0.579602315,1.525511538,-0.254875776,-0.150965814,0.456294674,0.80371241,0.517154279,-0.156646211,1.450224318,0.912767839,-0.076720904,-0.417379119,-0.178536014,-0.355540878,0.063292708,-0.004740599,-0.28546375,0.414647795,-0.168630417,0.38467843,0.392436519,0.283331156,-1.909259319,-0.154558821,0.161433159,-0.681637919,-0.829526056,0.670384765,0.822441469
2400,-0.229719876,0.606437322,0.553242408,2.056742615,0.034725984,-0.058148551,0.442964799,0.76697617,0.571972933,-0.045000165,1.67026957,0.730278857,0.002165892,-0.265404866,-0.229262584,0.453214679,-0.0009343,0.131735162,-0.357409212,0.334482148,-0.120382671,0.42244367,0.219702012,0.106179766,-0.94498622,-0.010497449,0.248685772,-0.719123237,-0.79738068,0.47588314,0.670138614
2500,-0.251927437,0.324275667,0.539125256,2.126460012,-0.168738809,0.080708596,0.432044173,0.757343506,0.580158849,-0.056917404,1.399844146,0.69305024,0.192892029,-0.242263618,-0.214229762,-0.54916672,0.012153433,0.165415436,-0.305745674,0.282423308,-0.113961797,0.369631001,0.182346084,0.027034016,-1.505073272,-0.029778087,-0.009772604,-0.431658274,-0.827091645,0.430440326,0.795481668
2600,-0.235737976,0.086118757,0.54881572,2.239921056,-0.295825004,0.194422991,0.484470047,0.522751399,0.360359373,-0.223205809,1.706689097,0.723185594,0.029073589,-0.373001399,-0.261884543,-1.357541898,0.28292638,0.106582243,-0.25207207,0.205806483,-0.315217558,0.256818261,0.241120364,-0.156844452,-1.550845329,-0.007906136,0.093968152,-0.524745737,-0.882431483,0.496752682,1.03551271
2700,-0.236120372,-0.173840643,0.53703016,2.172758128,-0.15380718,0.244847464,0.478376294,0.712153358,0.079349419,-0.232140734,2.118828834,0.812552458,-0.318843544,-0.447599995,-0.201168009,-0.518196644,0.152584688,0.060247895,-0.178833133,0.161393965,-0.432949561,0.349368116,0.23827368,-0.169770118,-2.08505692,-0.08762478,0.071764749,-0.724195464,-0.607934524,0.480401459,0.851879922
2800,-0.087448152,-0.332063012,0.541834412,1.891217589,-0.422914673,0.25530329,0.493408655,0.963708157,0.089232444,-0.175336452,1.607543196,0.811654163,-0.208286245,-0.41937816,-0.289324902,-0.470780256,0.104450747,0.032068193,-0.148835458,0.317746712,-0.282431381,0.412140425,0.348596047,-0.172700934,-1.264250054,-0.040439026,0.154984759,-0.432621227,-0.379626777,0.391806953,0.711794864
2900,-0.299701913,-0.404680526,0.611448772,1.567245146,-0.235567982,0.247426502,0.536889257,0.784448429,0.13944128,-0.002274463,1.865510778,0.710312139,-0.011222554,-0.415080402,-0.151504597,-1.380411945,0.146364301,0.04371611,-0.123753485,0.35084162,-0.216051418,0.494077879,0.47590729,-0.176622215,-1.126828731,-0.013113967,0.319302091,-0.521542779,-0.455728583,0.379739387,0.658311561
3000,-0.170458827,-0.468345392,0.645023845,1.524503771,-0.450227581,-0.012033146,0.46684046,0.77130433,0.424951745,0.012898697,1.94704417,0.816116516,-0.227836505,-0.275066745,-0.123284922,-1.473508509,0.180720489,0.101919121,-0.118804565,0.301519011,-0.156750047,0.507488822,0.196813192,-0.179641368,-1.095615858,-0.093168577,0.347223877,-0.486673343,-0.515030586,0.507779655,0.879789674
3100,-0.041844244,-0.516705628,0.655899079,1.528443248,-0.286433983,0.162038989,0.539352051,0.790381072,0.688906818,-0.128515096,1.654400869,0.857743472,-0.166592554,-0.262309167,-0.169499191,-1.463884437,0.152385118,0.217663306,-0.085039674,0.430686864,-0.135298747,0.46237981,0.139482959,-0.111636366,-1.037813485,-0.157167372,0.350139644,-0.208535206,-0.641410626,0.62289771,0.936416731
3200,0.0095749,-0.419348154,0.674295175,1.582319058,-0.1189211,0.114851705,0.543668829,0.776602269,0.637014368,0.074541751,1.65413014,0.989593355,0.046744062,-0.446044614,-0.178910768,-2.03869384,0.112121872,0.323641783,-0.116961965,0.317929949,-0.024994328,0.384731207,0.235238302,-0.073410565,-0.418216778,-0.202211906,0.266078303,-0.364826002,-0.85742823,0.500378249,0.756672737
3300,-0.101961664,-0.241595053,0.616768057,1.633388325,-0.537654379,0.102935582,0.52212793,1.117734632,0.552031796,0.051386256,1.60946666,1.003033374,0.067114399,-0.601250333,-0.197071867,-1.998174491,-0.031805877,0.3987487,-0.131402536,0.212151333,-0.008560096,0.609804332,0.301535353,-0.079398574,-0.950177581,-0.214225987,-0.022550249,-0.674822158,-0.54474748,0.366715129,0.268023227
3400,-0.13868487,-0.107797556,0.610313753,1.138179037,-0.533498091,0.16491496,0.599178618,0.993975377,0.508063968,0.053497502,2.150455294,0.952691981,0.14695181,-0.58421238,-0.136548434,-2.387024438,-7.97E-05,0.387686728,-0.137193111,0.294103832,0.044791079,0.795239806,0.302912324,-0.069886753,-1.7710558,-0.183484564,-0.0184798,0.052003952,-0.534434219,0.203173233,0.796976212
3500,-0.083103256,-0.157407481,0.598809223,0.898771146,-0.430036052,0.211919163,0.587079488,0.932314033,0.533318001,-0.094569684,1.257147416,0.989201208,-0.390265868,-0.4448881,-0.022986725,-1.917706977,0.024359966,0.371660459,-0.175349123,0.260173025,-0.053640225,0.853165732,0.35665943,-0.020216533,-0.848939017,-0.117713811,0.112988396,-0.194540228,-0.576867114,0.078837082,1.057176276
3600,0.056169462,-0.224430531,0.575941654,0.951621303,-0.007320834,0.318985596,0.605029175,0.92130085,0.670657906,-0.191255432,1.494666275,1.058840307,-0.142378331,-0.235621274,0.048317602,-2.235992535,0.120583914,0.288471688,-0.191793281,0.368553485,0.038115666,0.764212563,0.454925491,-0.015783083,-0.686676566,-0.150957228,0.310211031,0.339603774,-0.614246207,0.119899186,1.060227071
3700,0.073013596,-0.116623634,0.663633968,1.126401158,-0.595962284,0.40487779,0.631395166,1.11793637,0.660333049,-0.174073485,0.79357594,1.125704039,-0.061880764,-0.080114879,0.176359016,-2.385954277,0.140958734,0.224622012,-0.222826129,0.285573615,0.027706157,0.679571631,0.406727989,-0.039315371,-1.163034645,-0.299049364,0.25058412,0.752187044,-0.566215001,0.055373675,0.773143684
3800,-0.024241555,-0.03927536,0.695741865,1.265887405,-0.537419941,0.307786011,0.513227529,1.173961785,0.61860603,-0.117656841,0.980844313,1.234117791,0.25373318,-0.067499825,0.203313108,-2.212327425,0.071951625,0.156860131,-0.132301401,0.230518494,-0.056978094,0.627927271,0.361266634,-0.042846174,-0.951354811,-0.320791482,0.172287819,-0.201702216,-0.360677904,0.005139383,0.731415274
3900,0.084493878,-0.092128886,0.685074218,1.341550307,-0.95433625,0.160690832,0.488606421,1.025628347,0.593922203,0.110767493,1.8535567,1.237616822,-0.014519669,-0.145855496,0.222252726,-2.279967228,0.137137156,0.083346319,-0.114411785,0.219058164,-0.000464283,0.505154671,0.352020181,-0.025252764,-0.910170036,-0.235326339,0.218547972,-0.025042188,-0.353162609,-0.006161448,0.694099366
4000,-0.097217596,0.070432728,0.643490737,1.322902662,-0.911804122,0.179186522,0.546100101,1.096060514,0.536887952,0.066944473,1.844915069,1.267221183,0.217004883,-0.228388004,0.320727733,-2.576819567,0.333772482,0.077621164,-0.172497523,0.136360782,0.09295283,0.387152442,0.526686537,0.000265653,-1.187034778,-0.325780182,0.292761322,0.694360638,-0.306001064,-0.032073156,0.624533725
4100,-0.197915884,0.157143509,0.642181611,1.195263396,-0.796582982,0.197657376,0.486794227,1.270590487,0.639786409,0.004961933,1.870197307,1.12565311,0.435247177,-0.308545709,0.326541756,-2.236849902,0.079559041,0.199283481,-0.224429752,0.140900761,0.228072706,0.298262455,0.531494894,0.037350569,-1.05110235,-0.425237804,0.159811748,0.240975433,0.030232796,0.003513061,0.554968084
4200,-0.725390812,0.054769,0.703688539,1.204290871,-0.934063181,0.129868645,0.45418713,1.331625262,0.827057657,0.126283147,1.96173859,1.31203954,0.089133482,-0.412970254,0.477939673,-2.75193686,0.139364614,0.315048238,-0.185760627,0.358598031,0.162024851,0.440685347,0.475444188,0.008336105,-0.726450317,-0.465066521,0.311368468,-0.22798885,-0.383922784,0.062437516,0.485402443
4300,-0.454512539,0.210396181,0.702919821,1.215622781,-1.077214481,0.127058633,0.520308394,1.643505132,0.83714528,0.175327562,1.887636955,1.408794037,0.517272308,-0.450499271,0.440190117,-3.012065433,0.106401641,0.323767032,-0.251601312,0.15952746,-0.019471635,0.553378975,0.395424392,0.020261068,-0.843701551,-0.446730209,0.398543425,-0.031775807,-0.765967505,0.137597768,0.490113584
4400,-0.125127418,0.411304661,0.685275414,1.297608607,-1.116637957,0.155094407,0.507792544,1.592736564,0.729901772,0.273810055,1.219107566,1.504893183,0.011092276,-0.426298158,0.466789191,-2.822041981,0.093132385,0.425175164,-0.260307016,0.345350345,0.015902574,0.720033177,0.173413278,-0.009083673,-1.115114708,-0.504897291,0.209141317,0.238234052,-0.6771274,0.21275802,0.52177001
4500,-0.013800555,0.263521352,0.682048253,1.059619042,-1.141783334,0.287774527,0.448390121,0.990181724,0.668779947,0.408531992,1.585714077,1.301289067,0.435259143,-0.307504846,0.50534448,-2.298130732,0.037370998,0.768428481,-0.187993985,0.463009509,0.081830326,0.789146492,0.187263702,0.007709443,-1.337106835,-0.51091911,0.271715041,0.145118742,-0.5451923,0.282556738,0.553426437
4600,0.160593636,0.214104752,0.63991548,1.162639101,-1.002108671,0.337589239,0.299348056,1.259229023,0.791584206,0.510097926,1.339399665,1.364127751,0.355363213,-0.352082066,0.422448456,-2.298095232,0.116856889,0.792513706,-0.114477304,0.267285017,0.157087578,0.758907133,0.071161516,0.03082836,-1.55187478,-0.474044428,0.362804675,0.523862196,-0.65917837,0.369070096,0.585082864
4700,0.09374946,0.227821989,0.610820102,1.129963271,-1.254687524,0.334800615,0.344399834,1.179443648,0.760982972,0.443678699,1.976082415,1.478785905,0.08669693,-0.344741318,0.427949009,-2.783332418,0.023234824,0.598767974,-0.082897239,0.182657365,0.21340813,0.652255452,0.234245073,0.117489126,-1.510634701,-0.479471185,0.44227358,0.887948368,-0.475244518,0.285143563,0.61673929
4800,-0.203475601,-0.030821259,0.579936698,0.990343597,-0.814899503,0.562736266,0.360971979,1.1547799,0.676197772,0.440421514,1.66165103,1.423010995,0.264048715,-0.329393804,0.580127217,-1.141650508,0.098396059,0.569071646,-0.096745078,0.277243804,0.189982819,0.646663618,0.18331401,0.203129805,-1.551067129,-0.219660255,0.457595008,0.172732281,-0.463700063,0.254694172,0.648395717
4900,-0.39331817,-0.008963669,0.590472073,0.850473654,-0.286721189,0.565503761,0.334951059,1.313286297,0.519671942,0.316711604,2.089028366,1.612147026,0.005541731,-0.304416543,0.624574095,-1.119228418,0.118782576,0.613444778,-0.12241755,0.291757135,0.255115524,0.7146062,0.08770529,0.232477463,-1.616735517,-0.212046908,0.309195939,0.500155224,-0.639382966,0.252848654,0.680052144
5000,-0.326648668,-0.182226588,0.587301831,0.748509016,-0.76489141,0.347810323,0.439993903,1.376097569,0.542629545,0.286945014,1.666987419,1.611615951,-0.002229228,-0.163712057,0.63246842,-1.485628395,0.193393066,0.602675129,-0.149763056,0.248278502,0.337598414,0.712119306,0.205400593,0.234066569,-1.343207573,-0.198822939,0.356714937,-0.215900652,-0.444448523,0.149718894,0.71170857
5100,-0.054519774,-0.006844071,0.598798823,0.70413429,-0.390829936,0.444199266,0.468997224,1.318888877,0.530460926,0.347154625,1.975966131,1.61220703,0.304502757,-0.027702859,0.606111825,-1.991327705,0.164104762,0.6000298,-0.04723385,0.397910371,0.38790964,0.652558175,0.484822749,0.162527053,-1.659348884,-0.294833913,0.227792368,-0.016005561,-0.385804522,0.008165858,0.743364997
5200,-0.090688077,-0.010143202,0.626627271,0.67172964,-0.151903685,0.354820405,0.508044373,1.258811653,0.443572409,0.29077428,2.368110867,1.779711975,0.47972695,-0.061932884,0.613654175,-1.644229804,0.117396116,0.476877501,0.019727508,0.290027909,0.398911451,0.501457981,0.378331944,0.068029627,-1.307563806,-0.250834853,0.241070881,0.352010765,-0.247332221,-0.097717896,0.592289329
5300,-0.05829455,-0.096257855,0.64211705,0.719698881,-0.290595863,0.396163248,0.505341409,1.313511274,0.412587786,0.26400111,0.944534377,1.794601945,0.461343913,-0.053434012,0.701775228,-1.125970043,0.123535109,0.584303004,-0.08998264,0.284947483,0.452165885,0.356588585,0.289282089,-0.046091903,-1.159651237,-0.241619589,0.297181872,0.163742951,0.012938277,-0.137729892,0.499753921
5400,0.138309549,-0.053044155,0.632442323,0.768050603,-0.26746403,0.479183785,0.468835846,1.461120364,0.671686035,0.295948117,0.754881421,1.724718897,0.478679054,-0.348761164,0.714359009,-0.903015858,0.107625013,0.621552085,-0.191075811,0.160369784,0.527178877,0.290979523,0.347783793,-0.028158368,-0.943781687,-0.259821942,0.37645296,-0.541169372,-0.185734784,-0.058227283,0.557709913
5500,0.353861183,-0.064057594,0.597020729,0.731690191,-0.283223339,0.617015273,0.604694831,1.394295883,0.722874894,0.406971513,0.400323372,1.53335862,0.215316339,-0.140519976,0.666925508,-0.565928625,0.22659896,0.684297224,-0.21548299,0.272198289,0.570920575,0.309215342,0.244667456,-0.024409384,-0.356114008,-0.33396639,0.404888554,-0.341570594,-0.31728285,0.031984201,0.543023623
5600,0.491978935,-0.25035206,0.556073836,0.524588289,-0.337545623,0.688819357,0.55612973,1.446714769,0.729497078,0.397602081,0.599318315,1.387823242,0.329502387,0.04794228,0.839630192,-0.500289436,0.254220015,0.748235052,-0.208264596,0.349012842,0.578204458,0.431892583,0.227477273,-0.047467426,-0.772745417,-0.268531015,0.528372942,-0.023131572,-0.189523072,0.109553969,0.686594347
5700,0.217781527,-0.203821777,0.548199051,0.355296294,0.00546048,0.715601718,0.528235595,1.372571904,0.715429239,0.397773375,0.693133911,1.465956961,0.229751814,0.039310088,0.863741012,-0.417002894,0.135820454,0.812265439,-0.088517212,0.343998253,0.643966494,0.457241259,0.261907092,-0.049137345,-1.144465082,-0.212538451,0.689555288,-0.141341489,-0.146605946,0.099661781,0.763655374
5800,0.091398993,-0.344810745,0.621540015,0.290922853,0.429653489,0.560889153,0.422005553,1.393127408,0.752690656,0.377589929,0.988997539,1.419045884,0.411527062,-0.0015679,0.709875414,-0.555785971,0.258181636,0.848839825,-0.064304569,0.356510131,0.722458368,0.213349197,0.155765566,-0.10708574,-1.555820605,-0.360827789,0.574195538,0.539244099,-0.114870678,0.080250118,0.453959141
5900,-0.018036662,-0.149324452,0.455586295,0.368952327,0.589931718,0.408447354,0.253466512,1.451049667,0.736009318,0.224533723,0.913098412,1.451729602,0.298123101,0.02909076,0.740525173,-0.54192424,0.207302094,0.842635625,-0.067036893,0.265551938,0.646844132,0.232520522,0.117417051,-0.101567623,-1.470610102,-0.225623823,0.501828346,0.117469287,-0.093943222,0.048027092,0.480146789
6000,0.186687094,-0.031177727,0.415223629,0.405274769,0.056412322,0.197634202,0.375637041,1.383874044,0.699801033,0.338413697,1.295882389,1.669536308,0.344969107,0.105165926,0.903775354,0.450417791,0.134999536,0.81288297,-0.007086564,0.467109737,0.456559855,0.339158705,0.169853118,-0.069146023,-1.62538434,-0.238121829,0.504663708,-0.056543357,-0.205918608,0.033459257,0.572516397
6100,0.363312905,0.068119657,0.423943464,0.494723455,0.110295685,0.009808987,0.390180697,1.491842344,0.701886686,0.174771465,1.286841051,1.705700481,0.098619718,0.096093121,0.699456409,1.000026802,0.219494681,0.77879381,-0.060876117,0.328852156,0.531643524,0.488433912,0.263520228,-0.028031214,-1.270748534,-0.189735974,0.485700131,0.071566141,-0.128090563,0.023305219,0.852695709
6200,0.462101235,0.229792839,0.38985691,0.583236327,0.08621304,0.107421695,0.412565818,1.300971056,0.68530425,0.230858839,0.467927488,1.646479372,0.275358716,0.101804762,0.722465556,1.213557853,0.224631564,0.74470465,-0.20483959,0.325088661,0.44428011,0.253615456,0.224879687,-0.011871383,-1.016207877,-0.284527451,0.426572387,0.074782603,-0.259372786,0.155508754,1.156553455
6300,0.570569363,0.437555821,0.450313009,0.631181509,0.131178727,0.344512375,0.450847567,1.518116604,0.858476028,0.27655221,0.798601208,1.593036384,0.27424183,0.119886435,0.712983271,1.361958155,0.194465282,0.710768162,-0.071633521,0.410675908,0.363580518,0.320173844,0.274430542,0.005722005,-0.571943099,-0.263437494,0.470720362,0.46639904,-0.400792671,0.26210325,0.954339269
6400,0.494429841,0.357482866,0.451813301,0.695921006,0.124622395,0.45553346,0.662621634,1.350357893,0.838880084,0.375086416,0.241770412,1.556406157,0.262065833,0.144551866,0.69596788,1.656189174,0.217201616,0.716682708,-0.039065994,0.49976596,0.398802689,0.609118368,0.33124575,0.089707334,-0.904035842,-0.167588513,0.508423267,0.91302537,-0.305937315,0.322667315,1.077155623
6500,0.338749805,0.361473953,0.46325693,0.806195216,-0.300415005,0.672722155,0.784328626,1.195153779,0.50038108,0.324422383,0.505615815,1.542291007,0.086048495,0.037369389,0.751000653,1.62276315,0.199477484,0.717497474,0.012999399,0.351682391,0.517695936,0.627591483,0.306787292,0.103123016,-0.303754353,-0.203720821,0.414361357,0.077281393,-0.300549814,0.288072226,1.09830913
6600,0.202291064,0.295414384,0.530444651,1.008377736,0.031331379,0.792826801,0.543326458,1.346157597,0.451305219,0.367636116,0.070003759,1.480284915,0.328011413,-0.079089181,0.753434305,1.115693001,0.239137743,0.707811592,0.055500372,0.39939993,0.566624039,0.650870965,0.343699099,0.09279345,-0.330319027,-0.179488686,0.402859702,-0.546871258,-0.297567133,0.278660037,1.204322619
6700,0.307463242,0.385117704,0.575664799,1.063432541,-0.389445466,0.673096359,0.428930853,1.11234751,0.543318554,0.350611609,0.280739719,1.580167715,0.532141191,-0.178890969,0.762449738,0.497235353,0.15695179,0.727013132,-0.056018542,0.325654954,0.433449041,0.907171747,0.401930124,0.085678792,-0.191565817,-0.218918544,0.396915815,-0.079332495,-0.251700899,0.333263198,1.351332158
6800,0.338192369,0.417640314,0.550778672,1.0221752,0.263705116,0.557874931,0.410932368,1.047499435,0.666811011,0.288116344,0.473959928,1.629420727,0.344368492,-0.126691316,0.76542073,0.014686071,0.140284209,0.674870373,-0.019464168,0.340608385,0.380019946,0.372557315,0.530444627,0.006735639,-0.32894144,-0.221474629,0.308042947,-0.110788024,-0.122602926,0.426368845,0.992049685
6900,0.462097244,0.414188784,0.544231774,0.966489964,0.285203767,0.450038199,0.371978709,1.014252504,0.732555568,0.364855533,0.342600799,1.686311865,0.091262691,-0.044907336,0.808846179,0.767600975,0.186119359,0.613877824,-0.034215875,0.154131866,0.284330732,0.54740795,0.412110853,0.016722913,-0.405488569,-0.200460249,0.250896763,0.26678654,-0.310782938,0.531541148,0.57463739
7000,0.29807861,0.42428539,0.566707037,0.908788369,0.437664036,0.318216829,0.330343784,0.88446345,0.59871415,0.393933809,0.11625655,1.910667856,-0.075690889,-0.049829106,0.862505752,0.366699273,0.187832607,0.59216463,-0.071330288,0.292660486,0.203973972,0.717205484,0.304077812,-0.001688591,-0.448635768,-0.135817098,0.404638369,0.322703727,-0.361396458,0.588665198,0.523390934
7100,0.29882123,0.532382564,0.554029399,0.86607654,0.419972596,0.167530349,0.258461911,1.125903267,0.602499448,0.474386808,-0.240614762,1.790297133,0.283238886,-0.06855239,0.77542222,0.381295631,0.127883874,0.573246119,-0.125104142,0.272436916,0.065711369,0.537278256,0.431586618,-0.019241004,-0.718925196,-0.315379667,0.396594737,0.183988152,-0.43914248,0.600729281,0.654649845
7200,0.33821188,0.568473739,0.542582224,0.832864991,0.425630226,0.052974806,0.291509654,1.069381988,0.555288769,0.519055792,-0.700364029,1.627884159,0.024240343,0.013024476,0.844628543,0.24858097,0.217530286,0.581362376,-0.102275604,0.269799976,-0.006227907,0.507228627,0.548388082,0.014216278,-0.494115383,-0.224921574,0.396155149,-0.118685288,-0.486233889,0.579898536,0.522044889
7300,0.275627524,0.507179587,0.55627162,0.668510081,0.733691821,0.071836372,0.339748008,1.179008914,0.601843507,0.4402341,-0.61329452,1.511968433,0.25095685,0.074197935,0.862977667,0.093626847,0.146944313,0.607420363,-0.09210843,0.18770626,-0.015427443,0.724033514,0.418397533,0.007814801,-0.831852235,-0.185070341,0.320459733,0.072305827,-0.330953366,0.558926033,0.548359863
7400,0.308073572,0.426512002,0.596134848,0.681997745,0.364559303,0.07107745,0.320949721,1.078490936,0.556437737,0.324129083,-0.850897592,1.478246456,0.248133184,0.079809883,0.743687405,0.078611689,0.13185413,0.61027716,-0.09073955,0.151801933,0.079644537,0.813982114,0.284085723,-0.077859679,-0.610911672,-0.173157977,0.190936976,-0.002713903,-0.254972946,0.481507847,0.626025413
7500,0.225416393,0.364663497,0.56300008,0.670841824,0.445827269,0.108138325,0.20420394,1.046725482,0.567165696,0.389594896,-0.418086071,1.504384575,0.231777606,0.119490828,0.805463834,0.304394448,0.178938509,0.538582672,-0.105563731,0.170612434,0.166676983,0.76502366,0.07049474,-0.054915751,-0.869612058,0.015405344,0.186663883,-0.413538287,-0.179090069,0.333033038,0.385186635
7600,0.051335345,0.35131087,0.528077245,0.670541727,0.796950331,0.026745509,0.227805239,1.268134861,0.606544675,0.261491342,-0.440432721,1.315106818,0.419359884,0.11135503,0.894993158,0.367560724,0.185048192,0.432358687,-0.117361567,0.20904033,0.064248558,0.856042983,0.099563087,-0.091287237,-0.711408733,-0.241016818,0.179386031,0.145731166,-0.197083014,0.221551351,0.805039595
7700,0.406702866,0.333710526,0.518166944,0.683507656,0.403131875,-0.130406503,0.149077833,1.200266111,0.630575441,0.237935326,-0.122423438,1.228010223,0.365404419,-0.081711295,0.877654236,0.907598621,0.155044971,0.369209508,-0.157447395,0.264373402,0.09393544,0.710887213,0.140370359,-0.035722963,-0.476034029,-0.338962167,0.185788216,0.201689435,-0.107314282,0.428699921,0.700543855
7800,0.245110302,0.227809302,0.521598868,0.650244742,0.215079022,-0.109272751,-0.069961453,1.214600032,0.710760524,0.148194334,0.2709963,1.241951434,0.249250379,-0.016761997,1.065940527,0.977623438,0.180928745,0.348679115,-0.087304867,0.327616948,0.158506219,0.826372226,0.070119691,0.008492362,-0.98017108,-0.314272838,0.122629767,-0.310532908,-0.128982586,0.614285104,0.216347333
7900,0.31353119,0.209317423,0.450942982,0.475056706,0.327541916,-0.191855667,-0.233259251,1.031289482,0.891347594,0.271108207,0.318177908,1.262830438,0.147397054,0.030189433,1.149042353,0.940071342,0.323792598,0.3314618,0.017662571,0.325402201,0.21021854,0.763664405,0.108243918,0.019361488,-0.761667903,-0.247754259,0.203803033,0.196959248,-0.163947331,0.619665101,0.646731758
8000,0.326394116,0.427292499,0.454110064,0.2346463,0.000833707,-0.15502852,-0.109146846,1.049498715,1.076761131,0.06387062,0.821837515,1.148250094,0.327457639,0.038335477,1.117083535,0.484297593,0.365944434,0.362425913,-0.068687175,0.220327039,0.174904094,0.739412005,0.248440481,-0.024599582,-0.243605218,-0.173034802,0.042606242,-0.239584075,-0.336300047,0.520301946,0.581215633
8100,0.541089767,0.324914638,0.477286981,0.031439029,0.14372648,-0.319222357,0.050075955,0.592122265,0.876708965,0.098453626,0.79320556,1.236785065,0.324793232,0.043141245,0.997063978,0.548874703,0.253114969,0.378431852,-0.018878693,0.116212952,0.141983266,0.449988812,0.00013666,0.018051245,-0.121800848,-0.126740489,0.106775437,-0.135234501,-0.411733854,0.448521396,0.284614157
8200,0.508605429,0.120591754,0.525742947,-0.179941921,-0.146050098,-0.564446414,0.00827071,-0.037908694,0.637166649,-0.113021751,1.209176052,1.172028596,-0.089698478,0.117085119,0.944857948,0.053553546,0.231231491,0.371521317,0.06588055,0.167473579,0.144175438,0.458509841,-0.059253237,0.071745536,0.035650209,-0.047626458,0.296948802,-0.856641804,-0.48924255,0.423688132,0.390306216
8300,0.099928132,0.132579235,0.46203231,0.059918801,-0.330352571,-0.306074809,-0.062458674,0.462389658,0.570307235,-0.098147106,0.979343357,1.011559894,0.276221215,0.166926353,0.896382592,0.322091359,0.160479429,0.316414212,0.049252422,0.282094213,0.065798381,0.561507828,0.256613647,0.102043238,-0.349498218,0.029221353,0.305039341,-0.149436027,-0.10797864,0.413774655,-0.228309461
8400,0.317924855,0.058984409,0.393402924,0.362983261,-0.438766559,-0.30828012,-0.107710156,0.446674871,0.561736319,0.027507033,0.702241457,0.872902397,0.512205342,0.154550023,0.678731426,0.192818692,0.142583772,0.216602316,0.097605567,0.236397054,0.06223923,0.627386062,0.265593294,0.145155312,-0.391671275,0.022089572,0.252921029,-0.354937922,0.051497912,0.400891473,-0.32435157
8500,0.734697142,-0.227895549,0.339723809,0.514172321,-0.476267395,-0.128441433,-0.108914028,0.680370559,0.591547961,-0.065134329,0.906778359,0.741130369,0.461187225,0.188653222,0.567762706,0.347808784,0.139824372,0.129792075,0.187534732,0.416447233,0.127333183,0.551107996,0.081846552,0.167217803,0.029141152,0.005496099,0.219511616,0.141482023,0.112614206,0.400747649,-0.24620249
8600,0.396933195,-0.231908316,0.305674349,0.51138378,-0.186472589,-0.14063163,-0.162999464,0.522168435,0.702058266,-0.00661367,1.17610268,0.755903549,0.388517187,0.221575129,0.472726374,-0.10023078,0.09042506,0.091068515,0.231755941,0.340870527,0.191784709,0.58452945,0.081862006,0.128099062,-0.163599391,-0.054332541,0.328906023,0.038767309,-0.042674253,0.377460647,-0.233827444
8700,0.222930153,-0.113418578,0.297480173,0.278605835,0.068348976,0.108276898,-0.115518906,0.708996088,0.904488155,0.078874892,1.133689781,0.697109701,0.340337034,0.192916833,0.320946678,-0.004029413,0.09785375,0.075076289,0.200843723,0.149283181,0.250471651,0.47763933,-0.010492091,0.086867589,-1.094783521,-0.005910343,0.304426255,0.272900401,-0.124062526,0.351702852,-0.260081591
8800,-0.188012733,0.174445749,0.301010816,0.154342207,0.132988232,0.233939965,-0.038571053,0.656132828,0.801604774,0.175532823,0.972546237,0.65164666,0.043989418,0.218657184,0.224240486,0.017051761,0.070376607,0.075591381,0.140189037,0.099006281,0.219884213,0.455285709,-0.124545255,0.05767122,-0.402970933,0.059100273,0.19724111,0.249180486,-0.166520228,0.31268299,-0.234060192
8900,0.093984144,0.261352992,0.198190367,0.140669931,-0.12967975,0.345151319,-0.000669586,1.036527614,0.470137784,-0.0481592,0.304754403,0.614016193,0.125371271,0.269380846,0.232553183,-0.250881968,0.024833023,0.053570374,0.152155249,0.239124567,0.238309013,0.379721118,0.103413349,0.044969514,-0.110290676,0.126498151,0.187470738,0.328395011,-0.281895623,0.261744911,-0.141506278
9000,-0.059104989,0.210218118,0.170451816,0.129203211,-0.409933489,0.152583191,-0.005207525,0.566520067,0.46429832,0.091788298,-0.149103298,0.447563058,0.061376183,0.202376328,0.249330667,-0.542198128,0.173920342,0.064766887,0.294052887,-0.012204213,0.171454657,0.251376835,0.168616092,0.039042846,0.008127958,0.203564106,0.176194616,-0.341038912,-0.300255788,0.284961907,-0.07215398
9100,-0.415126,-0.012922894,0.129282197,0.082885863,-0.289237579,0.013785716,-0.00633281,0.638642419,0.493552083,0.273889181,-0.134853025,0.524113903,0.360420805,0.078076557,0.538169271,-0.553434497,0.150331736,0.053438255,0.249727983,0.097965717,0.245109201,0.417465762,0.067823681,0.043067589,0.475182344,0.195951133,0.253427883,0.266932509,-0.323594524,0.294289441,-0.090708232
9200,-0.064784947,-0.145713089,0.134488102,0.125149538,-0.063156591,-0.019501676,0.069880362,0.387297941,0.474441828,0.362827723,0.131560148,0.600246347,0.230281208,-0.016704582,0.387987607,-0.077039976,-0.018801883,0.077669726,0.208164287,0.196001016,0.308079685,0.49551248,0.162849473,0.018124779,0.600341041,0.247941582,0.166347581,0.193208615,-0.214378282,0.096634561,-0.110148063
9300,0.218822167,-0.118806473,0.156481787,0.163026523,0.225794861,-0.012832114,0.051204487,0.44779825,0.263046853,0.363382069,0.499408069,0.44839725,0.155271861,-0.024675125,0.362649106,0.083835739,-0.067510038,0.271004834,0.19404704,0.192940261,0.262255029,0.292782155,0.14381462,0.017908995,-0.32351991,0.194331346,0.190002482,0.776845203,-0.100035154,-0.065422853,-0.129587893
9400,0.276124563,0.049670544,0.140686908,0.169105103,0.429765063,0.007385031,0.129419584,0.710998611,-0.013722411,0.311831695,0.889434671,0.388098561,0.23033058,0.053585717,0.568999228,0.52705487,-0.11556825,0.275494353,0.24146396,0.277430352,0.188353676,0.519669561,0.058011656,0.046899315,-0.468887902,0.200196429,0.263952257,1.016684567,-0.098354421,-0.01323026,0.003224334
9500,0.157529796,0.067288886,0.117126743,0.171676223,0.479349846,-0.047652971,0.200816998,0.696096304,-0.117238388,0.1167904,0.998784454,0.249331071,0.136770538,0.0836158,0.5347541,0.616528363,0.082885009,0.196892178,0.213146313,-0.02376997,0.193765145,0.723731324,-0.194377482,0.018696166,0.153108846,0.17878072,0.280262465,-0.39087948,0.129590579,0.044753255,0.13757446
9600,0.240760034,-0.090766155,0.116967904,0.054587241,-0.016034086,-0.249209932,-0.155929291,0.719341649,0.081342687,0.26382971,1.431078844,0.22507086,-0.031676176,0.046613744,0.356664837,0.010423597,0.224671566,0.169068841,0.155574689,0.049802778,0.238723481,0.621946844,-0.380827149,-0.017974739,0.132917494,0.003461022,0.257719434,0.440019992,0.11518603,0.132046964,0.160339874
9700,0.234032515,-0.041944598,0.129204309,-0.01527979,0.139187248,0.433652644,-0.170402188,0.766573094,0.069837313,0.318485944,0.722017321,0.010051274,0.160979968,0.009111947,0.274523391,0.038498589,0.209430329,0.068222529,0.140882338,-0.007455953,0.24006052,0.119094907,-0.182979078,-0.068271249,-0.390834028,-0.001746881,0.153885971,-0.484749966,-0.164240687,0.207379929,0.15520911
9800,0.242422609,-0.007438945,0.090854958,0.006187436,0.328694046,0.939606574,-0.250174309,0.512389083,0.16542331,0.271667963,0.944435008,-0.216581872,-0.098485036,0.004064221,0.070677272,0.038020579,0.095833036,-0.02593765,0.161470374,0.045431124,0.214639957,0.205009027,0.058990483,-0.09095574,-0.109026624,0.050082004,0.073474764,-0.472874508,-0.251557962,0.310841304,0.019967053
9900,0.08908873,0.072220657,0.031205805,0.044603564,0.238043193,0.869152232,-0.162843916,0.423631172,0.145735356,0.355804037,0.671666967,-0.544924452,0.215391903,0.052832328,0.094900112,0.20117793,0.241755391,-0.122690008,0.058038833,-0.113981421,0.111448079,-0.023579568,0.107849225,-0.095455946,-0.080756863,0.178856329,0.209712675,0.117661052,-0.392538406,0.309025932,0.047823096
10000,-0.191641647,-0.006840275,-0.106047819,0.083019692,0.205231589,0.510440809,-0.178806381,0.25677514,0.43526921,0.418516161,1.424532033,-0.797942217,-0.12445119,0.01975582,0.017922194,0.190794218,0.189887061,-0.132985918,0.001530616,-0.001233288,0.05383501,-0.013777093,0.242398342,-0.149377137,-0.164382575,0.17400733,-0.035434173,-0.33662,0.132326458,0.226514959,0.052302943
10100,-0.1157423,-0.083355288,-0.137534648,0.121936047,-0.196546255,0.391234193,-0.10466092,0.517410868,0.512674042,0.453890292,0.364961289,-1.202487678,0.273222325,-0.152493382,-0.07150942,0.239070681,0.19822552,-0.061064882,-0.05218421,-0.106290776,0.070477479,-0.135082652,0.168412978,-0.16915112,-0.288293436,0.119243457,0.109594327,0.065354436,0.182345025,-0.069361372,0.027031264
10200,-0.134629127,-0.162291853,-0.142967879,0.167188337,-0.067602964,0.30844921,-0.265572109,0.614413747,-0.347184395,0.349865023,-0.352292876,-1.452367734,-0.087304275,-0.04243817,-0.097283152,0.421033732,0.026896153,-0.081391948,-0.00294555,0.184589781,0.069096285,-0.013884177,0.131706641,-0.155917771,-0.073720017,0.116414188,0.125397216,-0.182487628,0.078667323,-0.189449488,0.001053998
10300,0.09190474,-0.160284066,-0.043121831,0.196641462,0.106855348,0.520955986,0.0125398,0.62652085,-0.176457991,0.234154332,-3.084772626,-1.651220213,-0.043105065,-0.246266621,0.029166888,0.247425365,0.050415564,-0.096853029,0.017898317,0.02176986,0.079706216,-0.061708765,-0.051093621,-0.139808112,0.451211574,0.135710914,0.006587539,0.518959312,0.529539404,-0.203079061,-0.026931481
10400,0.054892525,-0.280848035,-0.144722144,0.162253033,-0.114226325,0.493937767,0.107289196,-0.067409758,-0.157368686,0.323312898,-3.122758255,-1.524811639,0.297474214,-0.125302974,-0.077815782,0.559959618,0.139733827,-0.083683064,-0.02344832,-0.048750961,0.073460204,-0.057660655,-0.119602943,-0.088423535,-0.00648597,0.108711467,-0.01650535,-0.821485708,-0.022549243,-0.443574479,-0.051700837
10500,-0.242235403,-0.219679524,-0.197368986,0.118215984,-0.560225747,0.396137554,0.007765917,-0.559208838,-0.228793176,0.069134132,-3.188396983,-1.788880236,0.2696243,0.150088283,-0.221113198,0.821494909,0.126191023,-0.059041783,-0.087272162,0.053338641,0.058433087,-0.088780405,-0.131964179,0.00356083,-0.451696182,0.167383739,-0.022485768,-0.03982701,0.045006818,-0.134074207,-0.03374173
10600,-0.160064129,-0.035292377,-0.343153133,0.066233152,-0.302142239,0.395150567,-0.030774291,-0.586243359,-0.41077064,-0.190877658,-2.376328365,-2.120781594,-0.098083008,0.184844511,-0.241019743,0.105049952,-0.057154207,-0.05971895,-0.151285881,-0.009522932,-0.06941792,-0.067101247,-0.16367922,0.088350725,-0.347939628,0.197243151,-0.14123955,0.206850819,-0.193147828,-0.203320873,-0.015782622
10700,-0.10692159,0.026534424,-0.711098128,0.14261785,0.027899913,0.376036425,0.018964002,-1.011303234,-0.486862896,-0.669157394,-4.233653623,-2.316745811,-0.203059771,-0.156232216,-0.060341503,0.341651414,-0.117452736,-0.060150977,-0.109800453,0.124877236,0.112136176,-0.28015069,-0.206264959,0.02471104,-0.599325084,0.159890921,0.051248882,-0.465767117,0.734006504,0.070096644,0.051660255
10800,-0.657323812,-0.072009288,-0.860693158,0.200799446,-0.02045137,-0.284322085,0.189996407,-1.307861721,-0.797539752,-0.71451235,-3.999070191,-1.911937019,-0.784828808,-0.435444633,-0.134218108,-0.151450905,-0.04833434,-0.039124414,-0.004813359,0.127811808,0.137685247,-0.191832934,-0.237764767,-0.011779164,1.508425843,-0.066904028,0.051880335,-1.072425127,0.943300507,0.114915141,-0.09112853
10900,-0.408856371,-0.188358106,-1.138253182,-0.323251937,-0.182675741,-0.529831313,0.362093332,-1.595022883,-1.268351299,-1.050041056,-2.468056804,-1.854586284,-0.889882837,-0.321392338,-0.187293333,-0.392958521,-0.189963265,-0.028620839,0.083086,-0.005361313,0.077319026,-0.15847231,-0.415369279,0.04112915,0.186322218,0.037542551,-0.109466966,0.054289771,0.560017103,-0.045487975,-0.056254805
11000,-0.397314773,0.157444018,-0.021828188,-0.39960735,-0.380177219,-1.018282968,0.527380619,-1.432796266,-1.346169358,-1.061871566,0.11871983,-0.912922648,-0.657829989,-0.350449072,-0.23908348,-0.603288533,-0.17820121,-0.079851302,-0.039566035,0.08782066,-0.044691014,-0.290931455,-0.29274706,0.089836645,-0.253576609,0.0081082,-0.405708221,-0.110115355,0.383769271,-0.062537326,0.014554805
11100,-0.42033515,-0.13669537,-0.315101973,-0.475962765,-0.15219417,-1.039306531,0.63883,-1.600651745,-1.50204782,-1.131776418,0.590365169,-0.589096463,-0.821650526,-0.374264567,-0.332943114,0.014727897,-0.2170354,-0.204943433,-0.125900895,-0.005562463,-0.033740075,-0.500618314,-0.264164091,0.214999767,0.666119955,0.030332182,-0.411108858,-0.180996477,0.214308199,-0.579786893,-0.053242368
11200,-0.635319065,-0.160378258,-1.009033221,-0.49959756,0.084053203,-0.936077058,0.588777083,-1.736476343,-1.325254853,-1.335533394,0.577551575,-0.432489006,-0.89975885,-0.318456699,-0.604608766,0.022736829,-0.271371526,-0.291861754,-0.11878604,-0.114946325,0.081223731,-0.685219557,-0.306978971,0.30727086,0.773708231,0.07114557,-0.420039714,0.067619837,0.138856275,-0.452759873,-0.121039541
11300,-0.799338055,-0.124423463,-1.459756574,-0.625727973,-0.191378888,-0.832847584,0.491306122,-1.72086613,-1.521797458,-1.648235326,0.430994827,-0.233080092,-0.666530084,-0.366260322,-0.946775102,0.104473733,-0.258986779,-0.334748278,-0.143403742,-0.190759214,-0.013947919,-0.591853372,-0.31163151,0.260247779,0.322983572,-0.010062617,-0.306974106,-0.322530447,0.705661083,-0.050910882,-0.127586033
11400,-0.683880791,0.036658474,-2.142978374,-0.636037235,-0.525346707,-0.945364716,0.233453969,-3.015115274,-1.777766119,-2.205314916,0.463406577,-0.556595034,-0.361360248,-0.43015306,-1.176969577,0.259622714,-0.345726065,-0.363080951,-0.143867501,-0.121012061,-0.411052806,-0.569105279,-0.471153517,0.182945253,0.262236151,-0.008207337,-0.597695249,-0.723297722,0.422253929,-0.190658508,0.04061198
11500,-0.920571604,-0.158780522,-2.826200174,-0.829419412,-0.884079336,-2.803468021,0.163844743,-2.459940169,-1.944231203,-2.155125254,0.399689323,-0.924720569,-0.619174941,-0.462522875,-1.275351839,0.143619585,-0.308611054,-0.293701222,-0.186597543,-0.136795376,-0.402444941,-0.765416252,-0.38401246,0.088340116,0.086799655,-0.190474841,-0.369730384,-0.701510956,0.786109809,-1.010396614,-0.129149281
11600,-1.199725834,-0.330808078,-3.116262753,-1.028463638,-1.397160314,-3.832821975,0.109660013,-2.77055086,-2.232178226,-2.585941581,-0.00804861,-0.41876675,-0.874516582,-0.242333695,-1.454321479,-0.491272153,-0.321813653,-0.224398775,-0.311071016,-0.329139902,-0.343209899,-1.052400686,-0.378924602,-0.032809479,0.24260775,-0.326650659,-0.531217766,-1.092337017,0.02705991,-1.216903254,-0.195279173
11700,-1.206886061,-0.370860139,-3.243762866,-1.227507864,-1.134485121,-2.50342778,-0.097704905,-5.675866785,-2.323550467,-2.3621644,-0.600789416,-1.172264519,-0.751261282,-0.508845124,-1.53317564,-0.837118692,-0.303449674,-0.155096329,-0.409882371,-0.318703123,-0.66136768,-0.970323239,-0.345080443,-0.142431462,0.722848245,-0.401054608,-0.719905346,-1.048428242,-0.27170353,-1.244427369,-0.20179474
11800,-1.155759077,-0.40793606,-3.275709093,-1.42655209,-1.184764574,-1.796884978,-0.027507474,-7.443294188,-2.40570627,-2.154444318,-1.38455131,-2.294848025,-0.768603316,-0.842907393,-1.458200492,-0.800067997,-0.428153238,-0.089914422,-0.468560656,-0.368802242,-0.94135418,-1.002390758,-0.343672,-0.233925408,-0.242151018,-0.575178937,-0.673853241,-1.147202664,-0.506220056,-0.891817747,-0.4310151
11900,-2.180582182,-0.962458195,-3.162314414,-1.625596316,-0.945299619,-1.950470292,0.064166931,-8.042855961,-2.589032482,-2.756586112,-1.745696571,-2.198886333,-1.106072301,-0.86269028,-1.83122136,-1.042474373,-0.486426216,-0.085944895,-0.472926634,-0.291746795,-0.930775945,-0.958142774,-0.557240371,-0.374315582,-0.384141459,-0.716283714,-0.608543816,-1.21001946,-0.481317831,-1.313056798,-0.438194591
12000,-2.282748154,-1.046831599,-3.017902482,-1.824640542,-1.23252178,-2.104055606,0.109539873,-7.404389273,-2.825502031,-2.67407453,-1.77710496,-2.577520018,-1.0598707,-0.25361412,-1.466891286,-1.531108824,-0.688057383,-0.074176871,-0.442332873,-0.149861244,-0.789819149,-0.688914057,-0.618547814,-0.313451021,-0.286786631,-0.911312244,-0.647318112,-1.342573435,-1.107974208,-1.274616517,-0.361834816
12100,-2.435431466,-0.98535107,-3.137781663,-2.035715044,-1.257177996,-2.257640921,-0.088437213,-8.213401913,-3.122075077,-2.607231824,-1.868167775,-3.238476338,-1.384167127,-0.118632131,-1.378060611,-1.847330998,-0.92704885,-0.055044459,-0.437567301,-0.149865458,-0.78520607,-1.124296225,-0.808401835,-0.317947257,-0.493288028,-0.837882999,-0.590660107,-1.705707059,-0.916416198,-1.352003231,-0.44542464
12200,-2.353944897,-1.157579878,-3.207467045,-2.145690545,-1.406478203,-3.387192927,-0.255401435,-7.842051298,-3.331162192,-2.756604268,-2.039192906,-3.177775055,-1.551308102,-0.855994143,-1.429387316,-1.177181455,-0.7757056,-0.035912046,-0.413079966,-0.339263551,-0.894825754,-0.844817708,-0.7539018,-0.408396363,-0.222752804,-0.716674829,-0.632866378,-1.97770652,-0.67171875,-1.32115246,-0.490618806
12300,-2.740285087,-0.536045044,-3.395547611,-2.255666045,-1.553768108,-4.85965215,-0.369256007,-8.360223784,-3.553389528,-2.375240181,-2.290180352,-3.870108272,-1.316769334,0.011634321,-1.405616872,-1.281592946,-0.893510264,-0.016779634,-0.42499507,-0.17560752,-1.056317771,-0.904472062,-0.835579029,-0.577168765,-0.486389271,-0.805274549,-0.91248967,-2.173775358,-0.763819071,-1.124572759,-0.514076616
12400,-2.752767041,-0.602143749,-2.795839165,-2.365641546,-1.545864456,-4.689979097,-0.274848512,-8.514121849,-3.605352126,-2.459855426,-2.416781975,-4.460175576,-0.081492122,-0.09652414,-1.600195923,-0.814257621,-0.93572476,-0.039098793,-0.520329392,-0.529434484,-0.864901006,-0.813425047,-0.673814943,-0.641557837,-0.409920697,-0.671231823,-0.622026082,-2.281830716,-0.989592721,-1.329860623,-0.536331347
12500,-3.217394057,-0.982740343,-2.675455524,-2.484054502,-1.456205455,-4.262206229,-0.133044444,-8.144841274,-3.703304344,-3.159146954,-2.542207904,-4.855601892,0.044800879,-1.937065999,-1.501089965,-0.687209069,-0.903962631,-0.080830475,-0.599636839,-0.053950781,-1.05727451,-0.913785522,-0.734759434,-0.592923878,-0.59770587,-0.731189278,-1.465198574,-2.503504291,-0.977548512,-1.375982379,-0.614283616
12600,-2.582598766,-1.178836458,-2.359777536,-2.67548364,-1.943646988,-2.786780095,-0.77490824,-8.724599177,-3.505172849,-3.425701849,-2.680101466,-4.534632762,-0.017588528,-1.432905886,-1.169396466,-0.896096923,-0.795754361,-0.125848492,-0.589427381,-0.331795701,-1.341323352,-0.730768404,-1.110934487,-0.618450772,-0.518918269,-0.709929661,-1.171730598,-2.577572179,-1.362999877,-1.453888927,-0.648147442
12700,-2.96018222,-1.19490597,-2.122473676,-2.238515083,-1.515808963,-1.432963317,-0.962694173,-9.148668823,-3.427818619,-3.237821532,-2.4273028,-4.050191363,-0.13051345,-0.319136346,-1.206114547,-0.668337501,-0.89452884,-0.175117291,-0.65681569,-0.336434365,-1.074664712,-0.767988738,-1.037448274,-0.560933439,-0.436127745,-0.801832157,-1.294578692,-2.670989935,-1.10930013,-1.430930847,-0.662515681
12800,-3.008338293,-0.882136609,-2.150974483,-2.983093995,-1.195897463,-0.536629351,-0.894329768,-7.437366418,-3.171990431,-2.698761051,-2.245357764,-4.228396653,0.128547062,0.119361362,-1.226011131,-0.804211864,-0.910526501,-0.155487598,-0.660099074,-0.294759569,-0.908764196,-0.730716823,-0.987459133,-0.687693909,-0.740269327,-0.614733534,-1.355296472,-2.610485634,-0.871654429,-1.363646696,-0.687438213
12900,-2.713195283,-0.658408854,-2.145275303,-3.208353001,-1.272963791,-0.755798113,-0.848488592,-6.053845131,-3.038441743,-2.099367693,-1.50982008,-4.551117053,0.003141281,NA,-1.254128924,-1.098777125,-0.886771597,-0.132769194,-0.629837159,-0.604463234,-0.983457138,-0.969542431,-0.826233413,-0.692704848,-0.832972837,-0.615896103,-1.242539715,-2.782714164,-0.863911195,-0.611286936,-0.721270193
13000,-3.011086847,-1.075759193,-2.794233549,-3.344186962,-1.50648585,-2.874336381,-0.83269101,-5.768772004,-2.923042415,-2.136249848,-1.272907942,-5.020794726,-0.301692218,NA,-1.270821501,-1.315317619,-0.885871581,-0.109542412,-0.858636384,-0.433869624,-1.228542711,-1.258879143,-0.862554103,-0.675145524,-0.729043672,-0.759570705,-1.637936198,-2.872548878,-0.76227724,-0.073593469,-0.433085969
13100,-1.536864078,-1.065975547,-2.703114631,-3.478061768,-0.994962164,NA,-0.688351535,-7.060831605,-2.762020993,-1.776752981,-2.137166507,-5.008105214,-0.483179448,NA,-1.21599825,-1.497962558,-0.914580027,-0.102387346,-0.843549823,-0.520299483,-1.553284698,-1.184128062,-0.998504771,-0.704504752,-0.760440919,-0.735092335,-1.106708524,-2.994017509,0.276708126,-0.355825883,-0.394423404
13200,-1.411811901,-0.897053477,-2.273629582,-3.477998577,-0.992551497,NA,-0.661141001,-6.851096679,-2.482010144,-1.911580007,-2.369322448,-4.9418727,-0.071839293,NA,-1.242487886,-1.731680682,-0.994828896,-0.17505773,-0.848544145,-0.389200637,-1.690588967,-1.264566467,-0.9503035,-0.787238046,-0.739028208,-0.730335538,-1.018180189,-2.833969736,-0.464904927,-0.02307475,-0.351576569
13300,-1.415477201,-0.972794872,-2.137197135,-3.396632535,-0.947129047,NA,-0.534498026,-5.579988707,-2.379084633,-2.264998058,-0.640372757,-4.750700665,0.451870729,NA,-1.378904752,-1.245182484,-0.932178222,-0.194631394,-0.879271086,-0.53267948,-1.540110407,-1.281291466,-0.857678886,-0.890165715,-0.427389407,-0.671877927,-1.140515735,-2.724954186,0.373003433,0.044765686,-0.298966438
13400,-1.515632101,-1.211176994,-1.962727255,-3.290269089,-1.190552962,NA,-0.561881258,-4.769167085,-2.354553885,-2.031327065,-0.278837568,-4.542938465,0.460349875,NA,-1.422936292,-1.132032746,-0.945761539,-0.202832974,-0.930458626,-0.463941821,-1.668221089,-1.150394912,-0.977763063,-1.033545015,-0.53735391,-0.67602389,-1.096641524,-2.567450765,0.457795868,-0.032831137,-0.246356306
13500,-1.479940351,-1.340632922,-1.731063043,-3.178197076,-1.916482286,NA,-0.576673554,-4.369147881,-2.381546716,-1.889765945,-0.15015042,-4.157499897,0.147381363,NA,-1.251894499,-0.704581862,-0.88845152,-0.230411374,-0.997399077,-0.262019087,-1.82380696,-1.43797692,-1.074851634,-1.02154712,-0.516836661,-0.792412852,-1.245258923,-2.637241718,0.164032218,0.030972402,-0.19383243
13600,-1.465247833,-1.576423097,-1.634963552,-3.069403087,-1.818225774,NA,-0.615598484,-5.28929666,-2.382648351,-2.876081115,-0.84539842,-3.426927847,-0.036776596,NA,-1.462536062,-1.508712607,-0.929430058,-0.265239227,-0.958662245,-0.370128087,-1.977060071,-1.32529816,-1.176821761,-1.006220335,-0.613241833,-0.654015801,-1.297616638,-2.613926835,0.044032402,-0.10831268,-0.334171742
13700,-1.568442405,-1.326515793,-1.743598756,-2.960609099,-2.408911941,NA,-0.520791699,-4.384162246,-2.385534666,-2.749072344,-1.263850097,-2.696355798,0.086018661,NA,-1.449390078,-0.797451556,-0.852617752,-0.30006708,-0.992943291,-0.434887036,-2.108769488,-1.381993101,-1.20204213,-0.982119951,-0.579027266,-0.601031268,-1.193068892,-2.305438369,0.75893616,-0.234183732,-0.474511054
13800,-1.682246646,-1.735508689,-1.812063065,-2.46267999,-2.124308689,NA,-0.66663569,-4.488349245,-2.360704805,-2.723541045,-1.172700665,-1.543987134,0.176878653,NA,-1.457933977,-0.901298836,-0.871935195,-0.333485719,-0.939428922,-0.743959526,-2.18609767,-1.188424206,-1.17722645,-0.979458723,-0.337462203,-0.562369368,-1.207759311,-2.263466394,0.574432262,-0.214533527,-0.58947986
13900,-1.439061319,-1.899493379,-1.888205618,-2.833078259,-2.599563517,NA,-0.996856796,-4.285941143,-2.280728926,-1.839248624,-1.621088525,-0.307402752,0.120474744,NA,-1.235429978,-1.468182866,-0.804667806,-0.350794243,-1.068095306,-0.635327026,-2.086526654,-1.270766633,-1.190864345,-0.94953317,-0.821845705,-0.630106992,-1.693174977,-2.414258539,0.731214691,-0.578914824,-0.666392907
14000,-1.393066517,-2.014829988,-1.958565185,-3.231887334,-2.423894663,NA,-1.032539844,-5.905111036,-2.234137125,-2.55286119,-1.165387586,0.348960172,0.207278352,NA,-1.421815654,-1.112704422,-0.848597471,-0.373496721,-1.090851932,-0.734740733,-2.013124514,-1.294369896,-1.147260326,-0.872267018,-0.684988629,-0.550643921,-1.680343641,-2.447337424,0.636357508,-1.108504095,-0.743305953
14100,-1.743766111,-1.822053222,-2.249386568,-3.348611592,-2.494316688,NA,-0.860636174,-4.780910706,-2.108661161,-3.47894845,-0.477129843,0.683317308,0.233314222,NA,-1.604380482,-0.839269076,-0.888771791,-0.396199199,-1.309369858,-0.610271563,-1.933251462,-1.268867191,-1.124724529,-0.863958838,-0.787402831,-0.455044964,-1.45937538,-2.497471162,0.30913629,-0.581010916,-0.820218999
14200,-1.359843578,-1.436909547,-2.168830101,-2.926530513,-2.802310382,NA,-1.362214381,-3.843352918,-2.055486225,-3.47895312,-0.842335883,1.135029694,0.208735868,NA,-1.524841913,-0.549635362,-1.004017722,-0.417956192,-1.462384603,-0.689508623,-1.903135111,-1.254695808,-1.081352979,-0.87492484,-0.902469028,-0.438241031,-1.515430613,-2.544881632,0.436036812,-0.523478583,-0.897132046
14300,-1.602190415,-1.326654782,-2.069941815,-2.504449434,-2.570034746,NA,-1.131020267,-2.757954686,-2.028804345,-4.415771699,-0.810646402,1.668294032,0.160563904,NA,-1.590670461,-1.214594332,-0.840099909,-0.438188816,-1.518021037,-0.684713447,-2.02747221,-1.247174283,-1.019703036,-0.96089269,-0.981572195,-0.563518411,-1.77149839,-2.587216834,0.507697234,-0.276818062,-0.974045092
14400,-1.509449639,-1.300637968,-2.162379399,-2.082368355,-1.928632277,NA,-1.338736974,-2.453081621,-2.4421538,-3.63358131,-0.825565078,1.502277172,0.145813029,NA,-1.691016937,-0.823503243,-0.874707433,-0.459787649,-1.580774378,-0.699913967,-2.101467659,-1.432600263,-0.934242901,-1.029497482,-1.095091805,-0.603453409,-1.385393948,-2.636922062,0.004043329,-0.251053982,-0.915128287
14500,-2.357764586,-1.385339134,-2.300095443,-1.961537019,-1.641630632,NA,-1.514569787,-1.518911427,-2.954311397,-4.180777127,-0.842790552,0.713797505,0.332667721,NA,-1.722875072,-1.586978323,-0.98997774,-0.479308124,-1.649841829,-0.619002024,-2.280555978,-1.199186762,-0.840249503,-1.042945691,-1.144782849,-0.679808415,-1.139627043,-2.57504305,0.268998867,-0.26762279,-0.856211481
14600,-5.372742342,-1.183645435,-2.374190781,-1.840705684,-1.351273014,NA,-1.692885769,-2.726372252,-3.333424816,-3.957348254,-1.232318986,0.054327404,0.451773234,NA,-1.913557988,-1.105640433,-1.057559607,-0.504582437,-1.746023803,-0.500607845,-2.296682185,-1.14500328,-0.746847407,-1.090285964,-1.186672507,-0.613590308,-0.944101703,-2.800419704,0.080685808,-0.519776682,-0.829151429
14700,-5.169520773,-1.309442216,-2.380087217,-1.719874349,-1.417672445,NA,-1.683892347,-7.251408351,-3.610228779,-3.475420894,-1.31587128,0.009592328,0.527827851,NA,-2.036712775,-1.135910631,-0.981325629,-0.562747354,-1.746981539,-0.498642812,-2.414171812,-0.852544331,-0.763000928,-1.113902532,-1.185505013,-0.684204125,-1.238841878,-3.015585065,0.057582371,-0.813286032,-0.821616483
14800,-5.1108675,-1.793892718,-2.777176155,-1.599043014,-2.119027414,NA,-1.462733755,-7.693676312,-4.020322774,-3.239266055,-2.322003155,0.656713455,0.643708123,NA,-2.349470162,-1.518957384,-1.078878709,-0.618504417,-1.734043908,-0.556707488,-2.495532374,-1.109996464,-0.804119188,-1.114345078,-1.184438043,-0.626955638,-1.151757597,-3.0846177,-0.324034687,-1.036756522,-0.814081537
14900,-5.087280684,-1.727771696,-3.360212161,-1.478211678,-2.214286206,NA,-1.807864354,-7.661297601,-4.185213317,-3.65202574,-2.990468956,0.866892565,0.70789501,NA,-2.18405484,-1.57700386,-1.146466822,-0.662181009,-1.783107231,-0.617696759,-2.607780592,-1.173128584,-0.907261161,-1.167327909,-1.103633342,-0.511958903,-1.095482504,-3.318107615,-0.713230516,-1.310020654,-0.921544398
15000,-5.475902443,-1.65329602,-3.605802698,-1.357380343,-2.546990088,NA,-2.312010217,-8.489941805,-4.170394977,-4.558172713,-2.737774192,0.413160929,0.750670024,NA,-2.117532665,-1.544955385,-1.351627672,-0.696299853,-1.874197018,-0.689599622,-2.647349247,-1.239958987,-1.094881161,-1.142536687,-1.047987494,-0.572292835,-1.271612061,-3.069558899,-0.001803584,-1.367768042,-1.078292032
15100,-5.594507595,-1.522929698,-3.894665974,-1.236549008,-2.70165148,NA,-2.24524346,-8.051000232,-4.305460208,-3.78440862,-2.435519911,0.847979001,0.843587789,NA,-2.421298558,-2.964738235,-1.340976839,-0.730418698,-1.928743463,-0.687946353,-2.595451703,-1.372545168,-1.261895641,-1.079198861,-0.895853731,-0.607385245,-1.77088395,-3.32198979,0.321980214,-1.392188211,-1.235039667
15200,-5.8554052,-1.693514149,-4.220045217,-1.112261648,-2.518802648,NA,-2.417568887,-8.068116388,-4.427616569,-3.488100365,-2.175283482,0.307095297,0.988073039,NA,-2.653784465,-3.262016999,-1.255088567,-0.856110164,-1.933438526,-0.780033383,-2.686471134,-1.473674031,-1.230886822,-1.102305134,-0.937962648,-0.610302477,-1.151506268,-3.387638937,0.312037181,-1.057006006,-1.391787301
15300,-6.34049854,-1.613698542,-4.469536424,-0.283529709,-2.319518435,NA,-2.305287147,-8.168866675,-4.500449847,-3.747416668,-3.544046789,-0.479052221,1.060714727,NA,-2.671007556,-3.059760388,-1.235209788,-0.885207449,-1.953048544,-0.683345127,-2.568841164,-1.591098931,-1.035169423,-1.292294242,-0.936672684,-0.592619011,-1.53933795,-3.636845826,0.532795057,-1.53259736,-1.548534936
15400,-6.854438072,-1.589347971,-4.663755354,-0.171897206,-2.149638599,NA,-2.257976402,-8.997897509,-4.506351032,-3.432938215,-3.394543799,-0.096531875,1.094787961,NA,-2.93893058,-2.73901995,-1.268929855,-0.906739911,-1.947216552,-0.53977047,-2.539958011,-1.486642147,-1.028943555,-1.309604828,-0.968285685,-0.68104072,-1.945865221,-3.642761949,0.011956469,-1.32510822,-1.559924002
15500,-6.75920408,-1.194531691,-4.838937478,-0.060264703,-2.22085718,NA,-2.271281569,-9.110859533,-4.821147388,-3.399785528,-3.220500523,1.414643537,1.011248121,NA,-3.038836005,-2.551783095,-1.326767576,-0.924915503,-2.061299994,-0.570912937,-2.395743211,-1.572009894,-0.969034073,-1.544375944,-0.926122525,-0.623741935,-2.058685181,-3.792772713,0.148709621,-1.342380573,-1.363033347
15600,-9.296131352,-1.232793306,-4.720474026,0.0513678,-2.310161309,NA,-2.528615673,-8.660268859,-5.102342732,-3.411673433,-3.799546413,1.557189302,1.093272755,NA,-3.172137265,-0.489946256,-1.445763475,-0.950392205,-2.11523993,-0.612917054,-2.236813825,-1.670830942,-0.940390626,-1.62551387,-0.809715433,-0.649700626,-2.150424883,-3.934626899,0.373419325,-1.482295877,-1.18159992
15700,-8.990232839,-1.498871919,-4.731345476,0.082912364,-2.371740451,NA,-2.042301314,-10.13773883,-5.248685289,-3.000201166,-2.977997289,0.634964561,1.149632263,NA,-3.305793813,-0.584190378,-1.288548033,-1.067018291,-2.423073011,-0.55732293,-2.311872368,-1.744108408,-0.989202362,-1.734161514,-0.801976258,-0.91370765,-2.168605702,-3.967037901,-0.067114172,-1.550502598,-1.000166495
15800,-8.858539097,-1.843565224,-5.046895009,0.090534556,-2.596966608,NA,-2.233443652,-9.043862265,-5.104617461,-3.68314076,-2.664971894,-3.831581292,1.114761485,NA,-3.450295391,-0.546331699,-1.41114217,-1.250091706,-2.454292814,-0.56950462,-2.472669234,-1.43747676,-1.010902402,-1.938567444,-0.502151772,-0.89715718,-2.28083945,-3.952928313,-0.137175752,-1.731485981,-1.0047977
15900,-8.836492605,-1.912166036,-5.892902337,0.173952773,-3.567755873,NA,-2.217205486,-8.946614944,-5.097277001,-3.447032729,-2.769970241,-8.385896128,1.11200961,NA,-3.459103723,-0.419504774,-1.498589744,-2.007799427,-2.568473594,-0.622264056,-2.437626751,-1.654386128,-1.106044659,-2.077364839,-0.59687545,-0.725317451,-2.422830374,-4.14162206,-0.184149343,-1.51798074,-1.087904598
16000,-8.859085012,-1.809510822,-6.354021157,0.182812075,-2.960334917,NA,-2.17845379,-9.304733919,-5.324038162,-2.483283881,-2.678344831,-9.164424983,1.155560355,NA,-3.306225005,-0.322011694,-1.537665687,-2.094406871,-2.673156867,-0.725692658,-2.313474795,-1.397555846,-1.26628621,-2.14360425,-0.767906423,-0.650927655,-2.398984882,-4.092162565,-0.183185864,-1.714200873,-1.199919777
16100,-8.881677413,-1.836583396,-6.243122402,0.190149767,-2.484978412,NA,-2.397516079,-9.713418104,-5.404931786,-1.599907155,-3.265644107,-9.57304582,1.211781827,NA,-3.088376882,-0.293231914,-1.540424842,-2.179789041,-2.73168118,-0.744141361,-2.148421267,-1.338792624,-1.338973849,-2.089877983,-0.868262995,-0.583613065,-2.605113296,-4.323613855,-0.146925339,-1.765986526,-1.379387612
16200,-9.269382755,-2.192112231,-5.397493543,0.157418001,-1.881449839,NA,-2.142986197,-8.715351007,-5.732957619,-1.562911848,-3.539425575,-9.381006302,1.320283649,NA,-2.287982957,-0.344481675,-1.463945791,-2.265171211,-2.151761469,-0.763906509,-2.192457936,-1.635496419,-1.254385449,-2.053789485,-0.880118336,-0.914710387,-2.668389613,-4.652901913,-0.045463325,-1.540550882,-1.558855447
16300,-9.598268957,-1.859321498,-5.416920383,0.075712452,-2.166902848,NA,-2.159706367,-9.423887496,-5.844043208,-0.672289589,-4.053115119,-9.368501173,1.257568688,NA,-2.35057364,-0.19744551,-1.665535573,-2.291936109,-2.085360567,-0.821867802,-2.283970377,-1.815540466,-1.521996299,-2.058100358,-0.991177132,-1.027609623,-3.289224877,-5.068995079,-0.150192283,-1.285572757,-1.453783449
16400,-9.657493191,-1.674767649,-5.656873618,-0.005993097,-2.489631475,NA,-2.275050575,-9.102598712,-5.883230243,0.995252104,-1.781449634,-9.640845311,1.273586441,NA,-2.356056422,-0.378699746,-1.559443564,-2.336881411,-2.11167085,-0.806723412,-2.279846252,-1.761076086,-1.508619619,-2.059391599,-1.165366436,-0.909984254,-3.545886008,-5.206784794,-0.550483161,-1.564650268,-1.317095915
16500,-9.522613184,-1.619691612,-5.251059744,-0.153481082,-2.674702153,NA,-2.362598359,-8.543962666,-5.845039504,-5.455314568,-1.534149985,-9.556153665,1.344827815,NA,-2.319534316,-0.878366859,-1.541910701,-2.401120802,-2.170362849,-0.649778064,-2.180693768,-1.67111204,-1.496668465,-2.165358389,-1.282558332,-0.870221254,-3.557494038,-5.101228388,-0.902710308,-1.186257339,-1.218063428
16600,-9.387733178,-1.536109417,-5.487046415,-0.171715854,-2.884569211,NA,-2.433098409,-9.32218316,-5.626305278,-6.728730101,-1.335862761,-9.587038577,1.257965204,NA,-2.471909123,-0.951364351,-1.637790001,-2.465360193,-2.211352367,-1.015345644,-2.420111272,-1.425577784,-1.636000125,-2.215721504,-1.327245221,-1.086348267,-3.456523056,-5.346230178,-1.07690281,-1.479980642,-1.156685991
16700,-9.437942543,-1.634880861,-5.467024625,-0.189950626,-2.989202686,NA,-2.4887922,-8.541446761,-5.405261247,-6.46009714,-1.394890772,-9.562330642,1.218977531,NA,-2.390230879,-0.988373789,-1.995019584,-2.529599584,-2.250422912,-1.063031001,-2.73326383,-1.304181008,-1.633786821,-2.237422807,-1.207033369,-1.221930438,-3.415807128,-5.595590621,-1.032256484,-1.547215722,-1.190277907
16800,-9.502616991,-1.885099986,-5.113897855,-0.208185398,-2.841480837,NA,-2.62952224,-8.179009665,-5.253014571,-5.626863817,-1.606287034,-9.183990427,1.170505894,NA,-2.452620351,-0.907987097,-1.955059728,-2.593893275,-2.281113035,-1.130626013,-2.933871984,-1.58775667,-1.473396424,-2.217968882,-1.084905318,-1.085622988,-3.439052296,-5.86008373,-0.512268455,-1.806100094,-1.603747235
16900,-9.550351586,-2.231858426,-5.104807337,-0.226420171,-2.495813238,NA,-2.692066782,-9.663372439,-5.238686189,-7.209350254,-1.868472711,-9.442042024,1.124137442,NA,-2.574182414,-0.792476088,-1.936102447,-2.662073254,-2.685167613,-1.158211995,-3.005907128,-1.762042678,-1.470866518,-2.200074915,-1.017468038,-0.987778211,-3.522117606,-6.08891939,-0.257242008,-1.894278381,-1.997749724
17000,-9.695864747,-2.607649814,-4.78492394,-0.244654942,-2.451094814,NA,-2.894112142,-8.99982355,-5.199825948,-6.573239551,-2.186809283,-9.638355048,2.04992429,NA,-2.468309984,-0.883389313,-1.925901581,-2.810165299,-2.757935681,-1.219401042,-3.055604294,-1.761049944,-1.591036512,-2.213258455,-0.999139502,-1.434871735,-3.502490463,-6.212784473,0.354885709,-1.813501468,-2.06914806
17100,-9.912183077,-2.696412011,-4.280380338,-0.29419627,-2.467310835,NA,-2.848085899,-8.546236296,-5.099670005,-6.754969131,-3.852767316,-9.429139443,2.156805713,NA,-2.378979032,-0.804432926,-1.772779534,-2.924694963,-2.792397647,-1.250670135,-2.967819476,-1.630578369,-1.665982868,-2.166952291,-0.998274322,-1.407295238,-3.480659927,-6.279034244,0.274859034,-1.887586085,-2.062185575
17200,-10.12850141,-2.622008912,-5.09576096,-0.328117025,-2.337991937,NA,-2.87841407,-9.392127017,-5.021062353,-6.622999807,-3.943020683,-9.637029047,2.210232706,NA,-2.316756757,-0.651275627,-1.873690545,-3.034843484,-2.835954892,-1.327888654,-2.84213003,-1.531124667,-1.83501641,-2.211812386,-0.923201444,-1.152883739,-3.636095845,-6.312880741,-0.344724721,-1.693608845,-1.985873082
17300,-10.35652168,-2.762803275,-4.872372416,-0.382238767,-2.287215564,NA,-3.05804009,-8.511921986,-5.080268864,-6.679470431,-3.698519828,-9.522180254,2.072749441,NA,-2.533046219,-1.159359755,-1.739423093,-3.206446534,-2.897105898,-1.433941218,-3.199236588,-1.908048029,-1.895099736,-2.239398176,-0.792939437,-1.65239264,-3.611197854,-6.250822325,0.069621767,-1.646675212,-1.80553558
17400,-10.36386249,-2.830860011,-5.188475553,-0.441410755,-3.253751851,NA,-3.005005438,-9.869143445,-5.162210836,-6.603453241,-3.697233585,-9.624100476,2.129967096,NA,-2.626339039,-0.808303008,-1.868921875,-3.403174159,-2.915049989,-1.512652786,-3.111723585,-2.420307603,-1.875522786,-2.390087728,-0.715206144,-1.657025386,-3.55248301,-6.587116518,0.344136161,-1.747491677,-1.625198078
17500,-9.607574782,-2.728549679,-5.168781538,-0.500582743,-2.422028477,NA,-2.778759245,-7.681199911,-5.168009996,-6.441045495,-4.857069772,-9.501395543,2.126326312,NA,-2.699136263,-0.624798535,-2.022360593,-3.593636292,-3.02874036,-1.551986657,-3.221952501,-2.25926818,-1.90932471,-2.420910015,-0.623890361,-1.8667249,-3.867163224,-6.756357699,-0.442322742,-1.700944013,-1.444860576
17600,-8.851287079,-2.696919718,-5.148199495,-0.559754731,-2.372207006,NA,-2.727527573,-8.04719256,-5.097960987,-6.562508889,-4.102573729,-9.292087636,2.357248145,NA,-2.695233748,-0.683709422,-2.153703047,-3.779569478,-3.1844747,-1.589515884,-3.279033289,-2.251455862,-1.988843895,-2.502168069,-0.805036507,-1.302188931,-4.300879616,-6.923793642,-0.107408724,-1.747738004,-1.264523073
17700,-8.358455707,-2.752568024,-5.163322393,-0.618926719,-2.815921347,NA,-2.398331661,-8.939133279,-5.072891974,-5.992842568,-4.663177605,-9.531445729,2.358071249,NA,-2.529061059,-0.329298889,-2.14416413,-4.268753568,-3.241922244,-1.728374473,-3.320664029,-1.936200494,-1.909573006,-2.545740614,-1.063877506,-1.340817329,-4.378238479,-7.10418527,-0.168412484,-1.811800312,-1.084185571
17800,-8.325603807,-2.826930219,-4.900746391,-0.678098706,-3.656023692,NA,-2.30334636,-9.324389275,-4.768402373,-6.23860385,-4.351482736,-9.190876928,2.549736851,NA,-2.374727176,-0.614289589,-2.137795361,-4.301302676,-3.253559841,-1.794767671,-3.408267337,-1.903878007,-1.754083086,-2.580450487,-0.850447674,-1.289487091,-4.425896234,-7.23971073,0.147729802,-2.062479529,-0.883790131
17900,-8.277920124,-3.047805481,-4.106392299,-0.737270694,-4.276718616,NA,-1.926328501,-9.221072556,-4.55696177,-6.474550369,-4.462018432,-9.531445729,2.482791945,NA,-2.156121004,-1.064915826,-2.085685812,-4.219657796,-3.212771249,-1.790499573,-3.403036018,-1.984584087,-1.812018764,-2.538218923,-0.730596172,-1.229942362,-4.428150833,-7.367218781,0.394591745,-2.175644023,-0.662518062
18000,-8.23023644,-3.317550307,-3.576426507,-0.796442682,-2.953370233,NA,-2.220654552,-8.777472227,-4.399386211,-6.402183508,-4.266728088,-9.401729083,2.395963636,NA,-2.212188325,-1.308001766,-1.974768596,-4.529741185,-3.1436547,-1.784439829,-3.382292573,-2.100084935,-1.78966903,-2.539113935,-0.734294917,-1.259767319,-4.4582125,-7.436104091,0.43804112,-2.096894745,-0.499094194
18100,-7.972435331,-3.217018083,-3.673260055,-0.85561467,-2.831069068,NA,-2.181928558,-9.366899479,-4.305158811,-6.029000694,-3.795906032,-9.236243394,2.112593828,NA,-2.330523221,-1.77275854,-1.98528949,-4.8357986,-2.881490469,-1.809683873,-3.234257665,-2.186195689,-1.782233903,-2.475617023,-0.349089985,-1.319771918,-4.586002783,-7.742153191,0.634699236,-2.069871498,-0.567063127
18200,-7.458553325,-2.756373557,-3.978554869,-0.914786658,-2.783541548,NA,-2.021970528,-9.165312576,-4.249206774,-6.533486752,-4.286523054,-8.965222273,2.030854866,NA,-2.173056095,-1.660531499,-2.186407403,-4.953429906,-2.766605148,-1.792054022,-3.239156644,-1.949009954,-1.820574226,-2.532667609,-0.118222836,-1.422360887,-4.477314541,-7.367921619,0.523860232,-2.228213737,-0.63503206
18300,-7.166402546,-2.64685259,-6.642516893,-0.973958646,-2.608370229,NA,-1.127096524,-10.44636696,-4.309452651,-6.189514841,-4.721563921,-8.800064639,2.01023668,NA,-2.276270872,-0.90746374,-2.216872998,-5.071061212,-3.234243755,-1.911331495,-3.274217162,-1.830823039,-1.64970053,-2.642587336,-0.808288528,-1.453106407,-4.52737579,-7.617518266,0.562827767,-2.262418027,-0.703000993
18400,-6.87425176,-2.587988154,-7.002634827,-1.033130634,-2.910474493,NA,-1.754610774,-9.084813703,-4.280275536,-6.465234734,-3.816499951,-6.781452837,2.21409671,NA,-2.269224446,-0.854354993,-2.163630546,-5.213223514,-3.329589262,-1.887044661,-3.313371065,-1.927309315,-1.646541323,-2.679048913,-1.236175756,-1.493146686,-4.445665085,-7.639889557,0.508438625,-2.43872362,-0.770969926
18500,-6.389199373,-2.718439316,-7.32795594,-1.092302622,-2.847909886,NA,-2.187668375,-8.495282967,-4.231768184,-6.004808223,-4.170305143,-4.039870146,2.21295142,NA,-2.501006414,-1.037959112,-2.106857298,-5.350750115,-3.238623688,-1.929760392,-3.288140149,-2.258119099,-1.665722949,-2.67250869,-1.04063622,-1.451996653,-4.408238556,-7.763520366,0.771402782,-2.309678385,-0.838938859
18600,-5.893994268,-2.590208921,-7.443421771,-1.15147461,-2.940223122,NA,-1.560349131,-8.189703627,-4.234278566,-5.54529423,-5.242431453,1.216504924,2.219887697,NA,-2.529425455,-1.044758084,-2.09248299,-5.475862807,-3.355173988,-1.961335242,-3.178755589,-2.333312758,-1.739118492,-2.674468217,0.307295769,-1.423358056,-4.566823109,-7.661804588,0.85015017,-2.255059017,-0.906907792
18700,-5.282443713,-2.74232006,-7.132817789,-1.210646597,-3.005575201,NA,-1.500280208,-9.121707336,-4.276999422,-6.220420443,-1.802771019,-2.817285668,2.111978593,NA,-2.53633507,-0.664521712,-2.128500034,-5.726480147,-3.731249738,-1.967907917,-3.042680462,-2.648755805,-1.762486102,-2.676655825,-1.393103489,-1.562681473,-4.60396158,-7.752951714,0.804520026,-2.395901,-0.974876725
18800,-4.702202244,-2.892423001,-7.064532826,-1.269818585,-3.409902257,NA,-1.491699062,-9.289237011,-4.303686188,-4.792779637,-4.293563983,-5.63036138,2.037615833,NA,-2.368924157,-0.461604685,-2.24117512,-5.687240333,-3.730363018,-2.063391843,-2.980950337,-1.922961425,-1.956121983,-2.788326005,-0.209270568,-1.591455398,-4.599195581,-7.84671675,0.437125501,-2.280890118,-1.071442325
18900,-4.984570103,-2.758930744,-7.000638042,-1.328990573,-3.689784522,NA,-1.46321861,-8.62578516,-4.239773106,-6.476347411,-3.577727069,-6.340600019,2.143824636,NA,-2.312323844,-0.728326415,-2.198657475,-5.642341953,-4.379765955,-2.185026143,-3.169585953,-1.98810379,-2.048193767,-2.866314401,0.978767161,-1.50910192,-4.521774088,-7.737842105,0.637586818,-2.408254698,-1.215512644
19000,-5.499439436,-2.515847067,-6.815272222,-1.388162561,-4.333360177,NA,-1.453269107,-8.737860646,-4.239109508,-5.771142648,-4.813750047,-7.46803922,2.243353448,NA,-2.29145978,-0.906696133,-2.287230792,-5.636661922,-4.517145692,-2.304435534,-3.30678811,-1.96597103,-2.014455452,-2.904759109,0.485209883,-1.440834548,-4.440391662,-7.841625325,0.464199545,-2.362884108,-1.359582963
19100,-6.014954095,-2.519170099,-6.894372904,-1.447334549,-4.247527892,NA,-1.780985818,-9.716140651,-4.229042611,-6.353485581,-4.936096356,-5.323196404,2.160135457,NA,-2.288490475,-1.356346117,-2.198132988,-5.572964952,-4.570687936,-2.298702587,-3.145923798,-2.047297451,-1.734934661,-2.870540301,-0.071296337,-1.408973524,-4.509028378,-7.899894279,0.428317663,-2.362662658,-1.473635717
19200,-9.17024921,-2.77081212,-7.286487793,-1.506506537,-4.500663204,NA,-1.745385252,-9.345905543,-4.145195614,-6.324880815,-5.295021118,-5.776854115,2.128011432,NA,-2.317544248,-1.802671686,-2.347481911,-5.531896907,-4.581427315,-2.293221172,-2.994613922,-2.076516654,-1.746381612,-2.772096808,-0.212480583,-1.43472771,-4.498019513,-7.824532614,0.328092207,-2.447714089,-1.517647489
19300,-9.648712603,-2.981007211,-6.824835516,-1.565678525,-3.972398345,NA,-1.732948373,-8.874859832,-4.239382068,-5.680362667,-5.224215849,-5.719364708,2.165820132,NA,-2.311745708,-2.100076837,-2.394577281,-5.490828862,-4.533982341,-2.162423004,-3.025337316,-1.910641205,-1.685479108,-2.718442453,-0.503506144,-1.573339591,-4.452228398,-7.86609929,0.322200832,-2.479297676,-1.56165926
19400,-10.127176,-3.192549595,NA,-1.624850513,-3.635132031,NA,-1.697347808,-9.025147599,-4.372854534,-6.41302797,-5.409435124,-5.726076119,2.167057494,NA,-2.274562308,-3.154732626,-2.389522613,-5.459383844,-4.334477473,-1.992493064,-2.993913668,-1.807523394,-1.740612782,-2.741333436,-0.320217869,-1.688835462,-4.518038646,-7.816525659,0.08344355,-2.469766326,-1.487495049
19500,-10.60563939,-3.257236424,NA,-1.684022501,-3.261276096,NA,-1.691594871,-9.496900472,-4.451929807,-6.385541852,-5.04022887,-5.792701477,2.017035972,NA,-2.272511638,NA,-2.394819515,-5.496823763,-4.311434094,-1.833744696,-2.901196954,-1.953678124,-1.524906941,-2.712758229,-0.317098087,-1.527612252,-4.460657585,-7.959931828,1.545863954,-2.086120655,-1.33454685
19600,-10.28492194,-3.008780796,NA,-1.563955313,-3.176825728,NA,-1.747765171,-9.20503263,-4.498094592,-5.873815024,-5.231986682,-4.435434643,2.037877168,NA,-2.085684557,NA,-2.368494408,-5.534263681,-4.489314094,-1.888827239,-2.87663848,-2.206834837,-1.500944155,-2.648556247,-0.6442936,-1.351435029,-4.323147062,-8.063741008,0.534370203,-2.092496284,-1.181517715
19700,-9.859743492,-2.702945907,NA,-1.3809122,-2.852480129,NA,-1.827099157,-9.60799597,-4.476083618,-6.067434539,-4.160820007,-2.842254318,1.915919794,NA,-1.905440063,NA,-2.291473954,-5.5717036,-4.375898469,-1.957108935,-2.983713769,-2.29990492,-1.484940686,-2.580567594,-0.977826249,-1.529865473,-4.267041186,-8.017558765,-0.107445297,-2.208611403,-1.093978798
19800,-9.434565049,-2.550235189,NA,-1.197869086,-3.170053636,NA,-1.929596831,-8.955695518,-4.473157175,-6.386844914,-4.396890959,-3.55006706,1.937549674,NA,-1.70548142,NA,-2.195184132,-5.540988035,-4.360345917,-1.988884215,-3.007441757,-2.362046754,-1.497284938,-2.555734118,-0.874500822,-1.729727087,-4.383907936,-8.017620331,1.486253371,-2.113990452,-1.013887435
19900,-9.009386606,-2.447131938,NA,-1.014825973,-3.146693451,NA,-2.078421877,-9.814748433,-4.330097774,-6.331653685,-4.652693275,-6.098700345,1.664368996,NA,-1.929203504,NA,-2.231553071,-5.495042433,-4.186345175,-2.146151163,-2.981308219,-2.265875756,-1.72274745,-2.53441924,-0.615611718,-1.639561138,-4.244818087,-8.000510565,1.65267529,-2.339967116,-1.005135079
20000,-8.584208163,-2.462225632,NA,-0.831782859,-3.192586537,NA,-2.111428491,-9.960652322,-4.19093857,-6.287679311,-4.13601722,-5.122624016,1.549055362,NA,-2.01325716,NA,-2.407640246,-5.449096832,-4.182443364,-2.002364306,-2.886981851,-2.21524741,-1.778589611,-2.537653987,-0.222816052,-1.550244983,-4.004001182,-7.948824472,2.059157354,-2.319095771,-1.281738755
20100,-8.001454983,-2.863975707,NA,-0.77746879,-3.277681637,NA,-1.95912561,-10.02273242,-4.068143258,-6.246686633,-3.705953209,-5.568839223,1.476360276,NA,-2.004319929,NA,-2.280346394,-5.381621278,-4.557382692,-1.7497736,-2.646007802,-2.527096319,-1.750713715,-2.522386097,-0.325252814,-1.544404569,-3.941584262,-7.952183008,1.80395042,-2.260600072,-1.55834243
20200,-7.384112231,-3.110929056,NA,-0.808974084,-3.448853651,NA,-1.92027886,-10.1802118,-4.207103642,-6.26872811,-3.660607824,-0.087051516,1.3264529,NA,-2.073907098,NA,-2.275823638,-5.322128903,-4.271867454,-1.767343387,-2.83439741,-2.788031555,-1.65509511,-2.510002875,-0.924297296,-1.634889693,-3.987528495,-7.792203994,1.548743485,-2.144273531,-1.765750531
20300,-7.088344872,-3.226693281,NA,-0.840479378,-3.515860096,NA,-4.005010668,-10.61283486,-4.253059947,-6.319089281,-4.61029385,-3.130032208,1.47868057,NA,-1.852110076,NA,-2.1485212,-5.262636528,-4.353604916,-1.915752722,-2.922264283,-2.859890189,-1.749779983,-2.48516883,-0.771597785,-1.699491039,-3.879359145,-7.782059965,1.29353655,-2.073707298,-1.903963057
20400,-6.984372808,-3.347447881,NA,-0.871984671,-3.752343615,NA,-2.985808451,-11.14129009,-4.293040686,-6.33334544,-4.427633076,-4.244211016,1.225533976,NA,-2.133370862,NA,-2.349048107,-5.203144153,-4.288260442,-1.970961631,-2.798407251,-2.869111585,-1.858609872,-2.421428101,-0.435711568,-1.587809791,-4.082498857,-7.910319284,1.038329616,-2.257563378,-2.042175582
20500,-6.880400745,-3.42472366,NA,-0.903489965,-3.849898663,NA,-2.869990017,-11.50594612,-4.318377464,-6.321456591,-4.141145577,-2.200016958,1.084628387,NA,-2.089171736,NA,-2.326253582,-5.106553642,-4.331187161,-1.924574391,-2.471901735,-2.811098529,-1.86629599,-2.457081653,-0.200174193,-1.45307117,-4.149561251,-8.03423673,0.783122681,-2.264794085,-1.579422589
20600,-6.776428681,-3.376162308,NA,-0.934995259,-3.168287758,NA,-2.499371029,-9.124383199,-4.287472597,-6.459226076,-4.023328867,-0.064423073,1.090304504,NA,-2.136609821,NA,-2.284230171,-4.99366666,-4.288169222,-1.929194661,-2.526606054,-2.511729574,-1.628843347,-2.507787654,-0.150619055,-1.48509329,-3.838476621,-7.822631142,0.788359006,-2.168610536,-1.054772229
20700,-6.672456612,-3.707350322,NA,-0.966500553,-3.018416911,NA,-2.499371029,-9.672456185,-4.268111603,-6.759125425,-4.356714676,-0.451280522,0.936808209,NA,-2.165075302,NA,-2.321337391,-4.95916398,-4.155040539,-1.850195784,-2.315367309,-2.270351912,-1.749043459,-2.538553572,-0.175561044,-1.367983375,-3.900565172,-7.861834414,0.525024462,-2.093287139,-0.681978981
20800,-6.568484549,-3.650838351,NA,-0.998005847,-2.990476297,NA,-2.499036937,-10.45238461,-4.352987081,-6.876548625,-5.495935783,-0.278688346,0.938750106,NA,-2.228380175,NA,-2.37909483,-4.990404226,-4.302440565,-1.884467653,-2.471981362,-2.409091455,-1.499512753,-2.532002615,-0.227807075,-1.314719253,-3.80829413,-7.866708809,0.261689918,-2.271701955,-0.897872817
20900,-6.464512485,-3.440752001,NA,-1.025597872,-3.11928137,NA,-2.095008786,-11.57051723,-4.355070281,-6.683269192,-4.331185683,0.122737697,1.022380871,NA,-2.216405797,NA,-2.560180105,-4.965754555,-4.544126762,-1.961086725,-2.475427377,-2.506860751,-1.253846169,-2.539439452,-0.346876096,-1.311247323,-3.913985181,-7.827288463,-0.001644626,-2.444342466,-1.113766651
21000,-6.42498774,-4.050826891,NA,-1.045593554,-4.07421043,NA,-2.154254369,-10.6973266,-4.262327965,-6.52012625,-4.535376844,-1.950963784,1.085190344,NA,-2.165684141,NA,-2.495308447,-4.941104884,-4.551585369,-1.93725417,-2.385001373,-2.519639264,-1.178644977,-2.635852937,-0.490454129,-1.415924794,-4.219898028,-7.716001565,NA,-2.463295109,-1.256373155
21100,-6.502855055,-3.79925578,NA,-1.065589235,-3.727621812,NA,-2.213499953,-10.41819776,-4.509815004,-6.442756397,-4.650616105,-3.796201893,4.163504764,NA,-2.05108684,NA,-2.484484084,-4.916455213,-4.574975861,-1.857832392,-2.373902961,-2.429462473,-0.85979149,-2.644922651,-0.354975184,-1.519671759,-4.439813548,-7.678031211,NA,-2.310452623,-1.325692327
21200,-6.580722371,-3.628966096,NA,-1.085584917,-3.408411675,NA,-2.203254476,-11.40540238,-4.767223326,-6.356370354,-5.61916123,-2.606140922,4.262189955,NA,-2.012399152,NA,-2.486353634,-4.901813454,-4.531531344,-1.898489213,-2.411038405,-2.250643336,-0.350663963,-2.621341611,-0.220477651,-1.564451432,-4.411530774,-7.743367164,NA,-2.122370406,-1.3950115
21300,-6.658589686,-3.577831994,NA,-1.105580598,-2.829258302,NA,-2.239336373,-11.80263312,-4.974639193,-6.222649317,-5.849041086,-4.041651968,3.895866303,NA,-2.271216239,NA,-2.444488437,-4.969780738,-4.781022058,-1.949596815,-2.327267486,-1.991514305,-0.601894802,-2.591401049,-0.117818196,-1.505433335,-4.321047017,-7.820813724,NA,-2.184522232,-1.464330672
21400,-6.736457,-3.362231696,NA,-1.122930896,-3.789941884,NA,-2.275418269,-10.9894222,-4.836465968,-6.107307149,-4.965758981,0.363105939,3.838391808,NA,-2.264189502,NA,-2.402682882,-5.037748023,-4.656976194,-1.912717319,-2.237992407,-2.050125543,-0.678421845,-2.543803206,0.010417956,-1.531458343,-4.099762355,-7.826597043,NA,-2.249201673,-1.533649845
21500,-6.814324316,-3.470972253,NA,-1.124030977,-3.962195092,NA,-2.384821838,-10.84191596,-4.786136798,-6.341163508,-4.377467052,1.066831872,3.928478576,NA,-2.2567511,NA,-2.244361953,-5.105715307,-4.6305712,-1.87840214,-2.166985805,-2.156505533,-0.606809856,-2.474301169,-0.010103941,-1.581531357,-4.12583944,-7.817778801,NA,-2.277926666,-1.599506904
21600,-6.892191631,-3.82680409,NA,-1.125131057,-3.474273343,NA,-2.509207663,-11.39494314,-4.839064833,-6.137370491,-4.37814846,-0.117256266,4.032854988,NA,-2.075254921,NA,-2.405317153,-5.207655512,-4.617042065,-1.734879914,-2.245935426,-2.262885523,-0.712919201,-2.415799401,0.067637195,-1.424932277,-4.483140327,-7.749142801,NA,-2.265868069,-1.634390813
21700,-6.921033595,-3.555889691,NA,-1.126231138,-4.043073562,NA,-2.633593488,-11.98151584,-4.886899171,-6.568263944,-4.354432248,-0.317948081,3.755046136,NA,-2.063379898,NA,-2.575000569,-5.24414892,-4.659382287,-1.704252026,-2.243823868,-2.340616239,-0.754569351,-2.363920614,-0.132617065,-1.312530002,-4.481904478,-7.78419686,NA,-2.250722179,-1.669370475
21800,-6.554830704,-2.975412107,NA,-1.765396147,-3.89157825,NA,-2.734815626,-11.35091747,-4.968083041,-6.353332215,-4.385119945,0.999575159,3.373746817,NA,-2.032128981,NA,-2.438832486,-5.413540606,-4.582340849,-1.822310893,-2.153731621,-2.316772251,-0.724497196,-2.362667119,-0.292044296,-1.478884847,-4.605219167,-7.915557748,NA,-2.096681893,-1.704350135
21900,-6.271746048,-3.161221034,NA,-2.564565324,-3.614257445,NA,-2.673891957,-10.98761846,-4.880376416,-6.315438246,-4.769479399,0.043613484,3.403594398,NA,-1.933641346,NA,-2.380426056,-6.070377312,-4.859370887,-1.90828155,-2.316023879,-2.292928264,-0.766084365,-2.39286817,-0.425201094,-1.500328471,-4.628409654,-7.963829596,NA,-2.000749965,-1.739329796
22000,-6.136427143,-3.367537033,NA,-2.418116661,-4.093066467,NA,-2.589804601,-10.18287879,-4.754785776,-6.243353703,-5.407191677,-3.166498928,3.29064521,NA,-1.85078338,NA,-2.307994657,-6.711377317,-4.880616831,-1.691430959,-2.502280331,-2.253658099,-0.772316663,-2.461166014,0.000545305,-1.529446354,-5.028392881,-7.944718786,NA,-2.228005946,-1.774309457
