id,name,min_yr,max_yr,total_record,resolution,record_holocene,record_deglacier,resolution_holocene,resolution_deglacier
1,117_723A.Godad.2011.lpd.csv,500,22260,73,298.0821918,27,46,351.1111111,271.9565217
2,161_976.Martrat.2014.lpd.csv,150,146260,736,198.5190217,143,593,68.74125874,229.8819562
3,17940.csv,13.5,14515,125,116.012,71,54,140.6126761,84.53703704
4,17940_shakun.csv,14,41081,190,216.1421053,71,119,140.6056338,261.605042
5,18287-3.csv,3389,14885,59,194.8474576,21,38,311.1428571,136
6,2005-804-006.Ledu.2010.lpd.csv,1023.6,7730.8,41,163.5902439,41,0,163.5902439,0
7,31Lake.Eisner.1995.lpd.csv,667,5769,32,159.4375,32,0,159.4375,0
8,3MPond.Pellatt.2000.lpd.csv,-275,11810,34,355.4411765,29,5,353.5862069,439.4
9,74KL Tex86.csv,200,14800,50,292,33,17,290.9090909,313.5294118
10,74KL TEX86_shakun.csv,200,22720,75,300.2666667,33,42,290.9090909,315.4761905
11,74KL UK37.csv,200,14800,51,286.2745098,33,18,290.9090909,296.1111111
12,74KL UK37_shakun.csv,200,22720,76,296.3157895,33,43,290.9090909,308.1395349
13,850Lake.Shemesh.2001.lpd.csv,-50,9474.872988,125,76.1989839,125,0,76.1989839,0
14,893A.Kennet.2007.lpd.csv,8.97,10001.922,252,39.65457143,251,1,39.7617251,25.518
15,A7.csv,1084,22869,689,31.61828737,77,612,115.4415584,21.25163399
16,A7.Sun.2005.lpd.csv,1367,18193,225,74.78222222,74,151,115.9864865,55.41721854
17,Abalone.Cole.1994.lpd.csv,-40,6113.9,32,192.309375,32,0,192.309375,0
18,AD91-17.csv,1990,11370,51,183.9215686,45,6,154.6666667,420
19,AdelaideTarn.Jara.2015.lpd.csv,-15.3,15666.5,109,143.8697248,63,46,157.3730159,128.1173913
20,Agassiz-Renland.csv,-10,11650,584,19.96575342,501,83,19.96007984,20.24096386
21,Agassiz.Lecavalier.2017.lpd.csv,0,12000,481,24.94802495,401,80,24.93765586,25.3125
22,AgeroedsMosse.Nilsson.1964.lpd.csv,18.65,9098.8,135,67.26037037,135,0,67.26037037,0
23,AjaxBog.Wilmshurst.2007.lpd.csv,784.667,14212,49,274.0272041,37,12,246.5379189,392.345
24,AlanenLaanijarvi.Heinrichs.2005.lpd.csv,-45,8565.18,29,296.9027586,29,0,296.9027586,0
25,Alley.GISP2.2000.lpd.csv,95.141,49981,1632,30.56731556,763,869,12.97657798,46.04034522
26,AlltnaFeitheSheilich.Birks.1975.lpd.csv,-19.25,9617.98,28,344.1867857,28,0,344.1867857,0
27,AlpidiRobieiValBavona.Welten.1982.lpd.csv,62.6,11021.56,46,238.2382609,37,9,263.3697297,161.2777778
28,Alsa.Mariscal.1993.lpd.csv,45.95,4902.74,24,202.36625,24,0,202.36625,0
29,Alsopahok.Zatyko.2007.lpd.csv,94.97,14177.46,86,163.7498837,44,42,223.1709091,119.6971429
30,Altenweiher.DeValk.1981.lpd.csv,138.63,17331.49,113,152.1492035,83,30,118.8036145,247.4413333
31,AMP112.vanderBilt.2016.lpd.csv,1144.5,12353.2,66,169.8287879,61,5,142.3655738,568.48
32,Andy.Szeicz.1995.lpd.csv,0,9803,51,192.2156863,51,0,192.2156863,0
33,Arapisto.Sarmaja-Korjonen.2007.lpd.csv,0,8888.5,82,108.3963415,82,0,108.3963415,0
34,Atocas.Gauthier.1981.lpd.csv,0,11977,41,292.1219512,33,8,282.2727273,468.25
35,Austerkjosen.Seppa.2009.lpd.csv,19.45,8838.87,31,284.4974194,31,0,284.4974194,0
36,AwengCo.Li.2017.lpd.csv,-46,12100,57,213.0877193,50,7,194.28,396.4285714
37,B997_321.Castaneda.2004.lpd.csv,386,7854,31,240.9032258,31,0,240.9032258,0
38,B997_324.Castaneda.2004.lpd.csv,73,12056,42,285.3095238,24,18,391.0833333,174.6111111
39,B997_327.Castaneda.2004.lpd.csv,394,4287,62,62.79032258,62,0,62.79032258,0
40,BaiedeSeineestuary.Garnaud.2003.lpd.csv,105.97,8532.53,26,324.0984615,26,0,324.0984615,0
41,BanksIsland-12.Gajewski.2000.lpd.csv,175,10183,33,303.2727273,32,1,296.65625,735
42,BanksIsland-15.Gajewski.2000.lpd.csv,14,10183,62,164.016129,60,2,164.4333333,233.5
43,BasadelaMoraLake.Tarrats.2018.lpd.csv,-52.49,9895.115,56,177.6358036,56,0,177.6358036,0
44,Basse-Ville.Voeltzel.1987.lpd.csv,377.64,8838.33,114,74.21657895,114,0,74.21657895,0
45,Bastien.Bennett.1987.lpd.csv,0,10833,67,161.6865672,64,3,154.609375,389.6666667
46,BattleGround.Whitlock.1985.lpd.csv,-30,23850.6,105,227.4342857,38,67,256.55,217.0656716
47,Beaverhouse.Ritchie.1976.lpd.csv,-25,10183,53,192.6037736,51,2,193.0196078,226.5
48,BebrukasLake.Shulija.1967.lpd.csv,285.89,14576.71,47,304.06,39,8,246.795641,651.37125
49,BeefPasture.Petersen.1985.lpd.csv,0,6025.2,91,66.21098901,91,0,66.21098901,0
50,Beringia A_shakun.csv,0,25000,251,99.60159363,101,150,99.00990099,100.6666667
51,Beringia B_shakun.csv,0,25000,251,99.60159363,101,150,99.00990099,100.6666667
52,Beringia C_shakun.csv,0,19000,191,99.47643979,101,90,99.00990099,101.1111111
53,Beringia D_shakun.csv,0,22500,226,99.55752212,101,125,99.00990099,100.8
54,Berkut.Ilyashuk.2005.lpd.csv,14,10118,44,229.6363636,43,1,230.8604651,316
55,Berry.Whitehead.1979.lpd.csv,40,14433,42,342.6904762,32,10,308.6875,570.9
56,BI2Lake.Gajewski.1992.lpd.csv,-42,7791,43,182.1627907,43,0,182.1627907,0
57,BiglandTarn.Barber.2013.lpd.csv,12,4806,32,149.8125,32,0,149.8125,0
58,Billys.Jacobson.1975.lpd.csv,0,11474.4,77,149.0181818,70,7,141.1057143,258.5714286
59,BiskupinskieLake.Noryskiewicz.1995.lpd.csv,264.67,14223.61,145,96.26855172,109,36,89.21834862,120.9005556
60,BJ8 13GGC.csv,169.18,10556.54,237,43.82852321,223,14,43.78040359,47.13928571
61,BJ8 70GGC.csv,107,10556.54,96,108.849375,81,15,119.3580247,75.70266667
62,BJ8_03_10GGC.Linsley.2010.lpd.csv,275,12025,60,195.8333333,49,11,196.2857143,211.4545455
63,BJ8_03_13GGC.Linsley.2010.lpd.csv,129,10593,397,26.35768262,371,26,26.58760108,23.76923077
64,BJ8_03_70GGC.Linsley.2010.lpd.csv,107,14300,101,140.5247525,85,16,113.7411765,304.9375
65,Bjornfjell.Brooks.2006.lpd.csv,107.31,11280.43,61,183.1659016,54,7,180.8964815,228.5385714
66,BledowoLake.Binka.1988.lpd.csv,156.23,13393.08,294,45.02329932,253,41,38.67150198,85.64487805
67,BloodPond.Marsicek.2013.lpd.csv,-47.0139,14886.5,143,104.4301671,104,39,96.11624135,129.4956103
68,BN7Lake.Gajewski.1991.lpd.csv,-39,6737,22,308,22,0,308,0
69,BoehnigseeGoldmoos.Markgraf.1969.lpd.csv,247.09,11626.6,94,121.058617,53,41,182.1581132,46.77292683
70,BolshieToroki.Zhilich.2017.lpd.csv,-62,7892.6,84,94.69761905,84,0,94.69761905,0
71,Boone.White.1986.lpd.csv,-28,13668,72,190.2222222,54,18,183.6296296,220.7222222
72,BorderBeacon.Lamb.1985.lpd.csv,45,7732.7,27,284.7296296,27,0,284.7296296,0
73,BoundaryPond.Mott.1977.lpd.csv,0,12784.8,56,228.3,44,12,224.1,264.0083333
74,BrayaSo.vonGunten.2012.lpd.csv,-55,6949,660,10.61212121,660,0,10.61212121,0
75,Breitnau-Neuhof.Roesch.2009.lpd.csv,198.81,13388.92,77,171.3001299,63,14,153.9987302,267.4021429
76,brurskardstjorni.Velle.2005.lpd.csv,-27,10900.42,61,179.1380328,56,5,178.0188929,226.1972
77,BS79-38_shakun.csv,867,24517,71,333.0985915,32,39,281.375,382.1025641
78,BS79_38.Cacho.2001.lpd.csv,867,24517,71,333.0985915,32,39,281.375,382.1025641
79,BuntesMoor.Weirich.1980.lpd.csv,330.41,6521.1,86,71.98476744,86,0,71.98476744,0
80,Burial Lake_shakun.csv,44,39311,86,456.5930233,15,71,637.8,426.7605634
81,Cadagno.Niemann.2012.lpd.csv,-43.5,10942,47,233.7340426,42,5,229.5952381,321.5
82,Camp11.Brubaker.1975.lpd.csv,105,11232,35,317.9142857,32,3,294.71875,733
83,CandelabraLake.Cwynar.1995.lpd.csv,352,12567,56,218.125,50,6,190.4,504.1666667
84,CangoCave.Talma.1992.lpd.csv,11.8,6407.6,104,61.49807692,104,0,61.49807692,0
85,CapeGhir.Kim.2007.lpd.csv,0,1196.37,38,31.48342105,38,0,31.48342105,0
86,Caribou-Qubec.Jett.1992.lpd.csv,74,11025,29,377.6206897,27,2,362.5185185,682.5
87,CaribouHill.Lamb.1985.lpd.csv,46,6871,37,184.4594595,37,0,184.4594595,0
88,CarletonLake.Upiter.2014.lpd.csv,-53.9,5964.2,50,120.362,50,0,120.362,0
89,Carp.Whitlock.1985.lpd.csv,0,34668.7,88,393.9625,39,49,251.1846154,519.5857143
90,CascadeFen.Maher.1963.lpd.csv,0.7,6482.5,66,98.20909091,66,0,98.20909091,0
91,Castor.Larouche.NA.lpd.csv,136,10900,41,262.5365854,35,6,279.4571429,191.8333333
92,CC04.Gibb.2015.lpd.csv,18.882,15598,157,99.23005096,64,93,153.8768438,63.12903226
93,CH07-98-GGC19.csv,520,11900,194,58.65979381,138,56,68.62318841,35
94,CH2.Garralla.1992.lpd.csv,1,8332,89,93.60674157,89,0,93.60674157,0
95,CH69-09_shakun.csv,550,19131,119,156.1428571,56,63,167.4821429,146.7619048
96,ChallaLake.Damst.2012.lpd.csv,-49,24896,229,108.930131,113,116,87.24778761,132.2672414
97,Chaohu.Li.2018.lpd.csv,-55,10465,63,166.984127,62,1,161.0645161,1068
98,Churruca.Caniupan.2014.lpd.csv,170,11570,44,259.0909091,37,7,261.6216216,314.2857143
99,Clapeyret.deBeaulieu.1977.lpd.csv,-17.78,10110.61,45,225.0753333,44,1,226.1868182,352.34
100,ClarksJunction.Wilmshurst.2007.lpd.csv,944.727,16800,28,566.25975,13,15,675.491,516.9026667
101,ClearLakeIA.Baker.1992.lpd.csv,-29,11922,46,259.8043478,43,3,221.8372093,894
102,ClearLakeIN.Bailey.1972.lpd.csv,21.8,16560,57,290.1438596,38,19,259.2184211,369.7526316
103,ClearPond.Hussey.1993.lpd.csv,101,21010,160,130.68125,57,103,172.5789474,108.8737864
104,CN01.Cheung.2017.lpd.csv,243,9921,58,166.862069,58,0,166.862069,0
105,Coghill.King.1986.lpd.csv,-31,6146,21,294.1428571,21,0,294.1428571,0
106,Compass.Macpherson.1986.lpd.csv,-11,11427,63,181.5555556,56,7,174.1071429,294.7142857
107,Copley.Fall.1997.lpd.csv,-27,20060,60,334.7833333,35,25,274.7714286,427
108,CoppermineSaddleback.Nichols.1975.lpd.csv,0,4104.4,47,87.32765957,47,0,87.32765957,0
109,Corser.Nichols.2014.lpd.csv,103,11116,36,305.9166667,31,5,305.9354839,365
110,CottonwoodLake.Grimm.1987.lpd.csv,-155,13141,61,217.9672131,27,34,370.2962963,102.6176471
111,CottonwoodPassPond.Fall.1997.lpd.csv,-28,9437,33,286.8181818,33,0,286.8181818,0
112,Cranberry.McAndrews.NA.lpd.csv,-26,13550,88,154.2727273,79,9,122.9113924,468.3333333
113,D13822.csv,442,11497.7,172,64.27732558,140,32,68.22621429,54.456875
114,D13882.Tierney.lpd.csv,442,13106,293,43.221843,140,153,68.22857143,21.90196078
115,DajiuhuPeatland.Huang.2013.lpd.csv,183.33,12935.56,123,103.6766667,81,42,120.9595062,71.49833333
116,Dalene.Seppa.2009.lpd.csv,-56.87,8940.4,50,179.9454,50,0,179.9454,0
117,DANA12_11_2_GC01.VanNieuwenhove.2018.lpd.csv,-54,11810,80,148.3,66,14,150.7727273,144
118,DarzlubieForest.Polska-JasiewiczOwa.1996.lpd.csv,72.19,11547.44,80,143.440625,64,16,154.2323438,104.8825
119,DavisLake.Barnosky.1981.lpd.csv,-11.2,2413.6,238,10.18823529,238,0,10.18823529,0
120,Decoy.Szeicz.1991.lpd.csv,42,13569,95,142.3894737,52,43,191.2692308,84.76744186
121,Delorme1.Bouchard.1982.lpd.csv,372,6017,18,313.6111111,18,0,313.6111111,0
122,Delorme2.Bouchard.1982.lpd.csv,423,7100,50,133.54,50,0,133.54,0
123,Deltasoe.Axford.2019.lpd.csv,-62,10593.2,33,322.8848485,30,3,327.173,373.3366667
124,Demont.Kapp.NA.lpd.csv,13,13282,73,181.7671233,53,20,185.490566,189.7
125,DempsterPeatland.Porter.2019.lpd.csv,-63,13585,71,192.2253521,63,8,158.4603175,481.875
126,Devils.Shuman.2016.lpd.csv,7,14735,122,120.7213115,89,33,111.8651685,148.5757576
127,DevonIslandGlacier.McAndrews.1984.lpd.csv,-23,41756,112,373.0267857,110,2,79.2,17575
128,Dome F.csv,700,12200,24,479.1666667,19,5,473.6842105,600
129,DomeC_shakun.csv,92,30016,294,101.7823129,99,195,99.87878788,103.2871795
130,DomeF.Uemura.2018.lpd.csv,-45,129960.07,1762,73.7826731,306,1456,32.80781046,82.42083104
131,DomeF_shakun.csv,700,30200,60,491.6666667,19,41,473.6842105,512.195122
132,Donvold.Nilssen.1983.lpd.csv,28,9479.67,48,196.9097917,48,0,196.9097917,0
133,Duck.Winkler.1985.lpd.csv,11,13541,42,322.1428571,32,10,311.8125,372.4
134,Dura-Moor.Seiwald.1980.lpd.csv,111.78,12522.74,101,122.8807921,80,21,122.87625,127.9104762
135,Duranunlak.EPD.lpd.csv,368.48,11501.21,36,309.2425,32,4,272.65875,852.7075
136,DYE3.Dahl-Jensen.1998.lpd.csv,-34,34434,44,783.3636364,35,9,249.6285714,2996.777778
137,EagleTarn.Rees.2010.lpd.csv,29.809,15139.173,72,209.8522778,53,19,187.2568868,281.5604737
138,EC1.Gajewski.1993.lpd.csv,58,6610,32,204.75,32,0,204.75,0
139,EC2.Gajewski.1991.lpd.csv,59,6359,38,165.7894737,38,0,165.7894737,0
140,EDML.csv,100,12900,129,99.2248062,100,29,99,103.4482759
141,EDML.Stenni.2010.lpd.csv,1193,12992,1253,9.41660016,993,260,8.868076536,11.55384615
142,EDML_shakun.csv,1296,29998,282,101.7801418,87,195,99.88505747,103.1230769
143,Egelsee.Larocque.2010.lpd.csv,81.564,16192.857,86,187.3406163,47,39,204.6463191,170.5031282
144,ELake.Ritchie.1976.lpd.csv,-18,12890,55,234.6909091,46,9,211.326087,408.5555556
145,Eldora.Maher.1969.lpd.csv,9,8639.9,44,196.1568182,44,0,196.1568182,0
146,Elfstadalsvatn.Langdon.2008.lpd.csv,4234.52,10840.288,26,254.068,19,7,293.2947368,194.424
147,EN32-PC6_shakun.csv,8330,22210,85,163.2941176,6,79,240,161.1392405
148,EN32_PC6.Flower.2004.lpd.csv,8330,22210,97,143.0927835,7,90,205.7142857,141.4444444
149,Ennadai-1.Nichols.1967.lpd.csv,600,6616.5,31,194.0806452,31,0,194.0806452,0
150,Ennadai-2.Nichols.1975.lpd.csv,636.2,5392.4,117,40.65128205,117,0,40.65128205,0
151,EPICA.csv,38.3738,12014.4326,664,18.03623313,555,109,17.93798775,18.70339358
152,EPICADomeC.Stenni.2010.lpd.csv,38.3737946,12978.3389,701,18.45929402,555,146,17.93798781,20.56559041
153,ERDC_092BX.Palmer.2003.lpd.csv,400,23200,28,814.2857143,12,16,766.6666667,893.75
154,ESM-1.Mackay.2012.lpd.csv,29,11206,30,372.5666667,27,3,358.6296296,649.3333333
155,Etangd'yCorMontana.Welten.1982.lpd.csv,354.08,14312.84,91,153.392967,71,20,133.1652113,235.517
156,EW0408_66JC.Praetorius.2015.lpd.csv,4246,13573.75,384,24.29101563,47,337,120.5106383,11.04970326
157,EW0408_85JC.Praetorius.2015.lpd.csv,993.737,17390,251,65.32375697,133,118,67.40423308,63.61016949
158,FanLake.Foster.2016.lpd.csv,-52,6293,81,78.33333333,81,0,78.33333333,0
159,Ferndale.Albert.1981.lpd.csv,0,7362,58,126.9310345,58,0,126.9310345,0
160,Flarken Lake.csv,-49.62,10913.97,108,101.5147222,102,6,97.65186275,187.92
161,Flarken.Berglund.1966.lpd.csv,247.67,12185.51,114,104.7178947,101,13,95.70108911,184.1323077
162,Flarken.Seppa.2005.lpd.csv,-49.623,8981.785,91,99.24624176,91,0,99.24624176,0
163,Flotatjonn.Seppa.2009.lpd.csv,-43.5,9020.71,43,210.7955814,43,0,210.7955814,0
164,FontaineHenry.Lespez.2008.lpd.csv,374.17,5122.17,60,79.13333333,60,0,79.13333333,0
165,Frozen.Rosenberg.2004.lpd.csv,-127.935,11426.52,49,235.8052041,43,6,234.979186,282.0116667
166,Gammelheimvatnet.Seppa.2009.lpd.csv,-42.16,8968.1,74,121.7602703,74,0,121.7602703,0
167,Gass.Webb.1983.lpd.csv,1,13753,48,286.5,36,12,271.25,362.5
168,GB1.Gajewski.1991.lpd.csv,0,6390,23,277.826087,23,0,277.826087,0
169,GB2.Gajewski.1993.lpd.csv,56,7225,58,123.6034483,58,0,123.6034483,0
170,Gemini.Samartin.2017.lpd.csv,-58,14020,79,178.2025316,65,14,153.5076923,304.4285714
171,GeoB 10038-4.csv,0,15230,28,543.9285714,20,8,484.9545,768.18125
172,GeoB 1023-5.csv,310,12710,82,151.2195122,47,35,203.4042553,85.42857143
173,GeoB 1023-5_shakun.csv,310,21190,186,112.2580645,47,139,203.4042553,82.51798561
174,GeoB 3313-1.csv,283.26,6989.94,75,89.4224,75,0,89.4224,0
175,GeoB 5901-2.csv,1130,9612.5,251,33.79482072,251,0,33.79482072,0
176,GeoB 651-1 MBTCBT_shakun.csv,30,25790,121,212.892562,73,48,136.1643836,333.125
177,GeoB 6518-1 MBT.csv,30,22869,541,42.21626617,73,468,136.1643836,27.92521368
178,GeoB 6518-1 UK37_shakun.csv,30,19498,97,200.7010309,58,39,171.3793103,248.7435897
179,GeoB 6518-1.csv,30,14690,87,168.5057471,58,29,171.3793103,168.7241379
180,GeoB 7139-2.csv,1160,14950,31,444.8387097,17,14,512.3529412,402.1428571
181,GeoB 7702-3.csv,141.75,14584.64,64,225.6701563,51,13,188.2939216,420.0769231
182,GeoB10042_1.Setiawan.2015.lpd.csv,4200,39420,106,332.2641509,45,61,128.8888889,484.9180328
183,GeoB10043_3.Setiawan.2015.lpd.csv,210,33630,69,484.3478261,41,28,228.5365854,866.7857143
184,GeoB10053_7.Mohtadi.2010.lpd.csv,240,21980,291,74.70790378,130,161,74.92307692,74.8447205
185,GeoB10069_3.Gibbons.2014.lpd.csv,470.123,35239.58,327,106.3286147,113,214,83.88846903,118.7346729
186,GeoB1023_5.Kim.2002.lpd.csv,6,21190,241,87.90041494,63,178,157.5238095,63.59550562
187,GeoB12605_3.Kuhnert.2014.lpd.csv,1335,9710,243,34.46502058,243,0,34.46502058,0
188,GeoB12615_4.Romahn.2014.lpd.csv,766,38790,135,281.6592593,92,43,98.55434783,678.0232558
189,GeoB1711_4.Kirst.1999.lpd.csv,400,135000,213,631.9248826,16,197,568.75,638.5786802
190,GeoB17419_1.Hollstein.2018.lpd.csv,801.8,111350,217,509.4387097,23,194,398.8347826,523.5953608
191,GeoB3104_1.Arz.1998.lpd.csv,1390,48170,201,232.7363184,17,184,495.8823529,210.4347826
192,GeoB3129-1.csv,170,13900,115,119.3913043,49,66,198.9795918,62.72727273
193,GeoB3129_1.Weldeab.2006.lpd.csv,170,14340,116,122.1551724,49,67,198.9795918,68.35820896
194,GeoB3129_shakun.csv,170,20740,164,125.4268293,49,115,198.9795918,95.47826087
195,GeoB33131.Lamy.2002.lpd.csv,13,6963,161,43.16770186,161,0,43.16770186,0
196,GeoB3910-2.csv,1310,14930,41,332.195122,19,22,454.7368421,235.9090909
197,GeoB3910_2.Arz.2001.lpd.csv,245,62280,334,185.7335329,97,237,100.4226804,220.8734177
198,GeoB3910_shakun.csv,1310,62280,246,247.8455285,19,227,454.7368421,231.4537445
199,GeoB4905-4.csv,60,14610,65,223.8461538,41,24,234.1463415,213.75
200,GeoB4905_4.Weldeab.2005.lpd.csv,60,21770,139,156.1870504,58,81,168.6206897,149.5061728
201,GeoB4905_shakun.csv,60,21770,111,195.5855856,41,70,234.1463415,175.5714286
202,GeoB5844-2.csv,813.2,15146.9,52,275.6480769,32,20,285.4625,271.345
203,GeoB5844-2_shakun.csv,813,21014,68,297.0735294,32,36,285.46875,313.7222222
204,GeoB5844_2.Arz.2003.lpd.csv,516,21014.2,88,232.9340909,34,54,277.4117647,209.1518519
205,GeoB5901_2.Kim.2004.lpd.csv,1130,9920,268,32.79850746,268,0,32.79850746,0
206,GeoB6518_1.Schefu.2005.lpd.csv,30,19498,114,170.7719298,73,41,136.1643836,236.6097561
207,GeoB65181_MBT.Weijers.2007.lpd.csv,-3.116,14941.233,103,145.090767,72,31,138.4436528,164.2268065
208,GeoB7139-2_shakun.csv,1160,41080,109,366.2385321,17,92,512.3529412,345.2173913
209,GeoB7702-3_shakun.csv,142,26617,115,230.2173913,51,64,188.2941176,273.328125
210,GeoB7702_3.Castaneda.2010.lpd.csv,142,26617,115,230.2173913,51,64,188.2941176,273.328125
211,GeoB7926_2.Kim.2012.lpd.csv,226.61,48493.28,274,176.1557299,19,255,496.31,154.2648235
212,GeoB9307_3.Weldeab.2014.lpd.csv,0,17298,249,69.46987952,72,177,138.6527778,41.74124294
213,GeoB9310_4.Weldeab.2014.lpd.csv,419.966,13958.43,128,105.76925,72,56,132.3933472,72.64423214
214,GEOFAR_KF16_MgCa.Repschlager.2016.lpd.csv,524,11258,98,109.5306122,89,9,105.1797753,163.4444444
215,GGC19.Farmer.2011.lpd.csv,52,6660,88,75.09090909,88,0,75.09090909,0
216,Giecz.Milecka.2002.lpd.csv,150.97,9050.46,71,125.3449296,71,0,125.3449296,0
217,Giering.Bortenschlager.1976.lpd.csv,187.68,16943.73,81,206.8648148,45,36,216.9671111,195.8977778
218,GIK17049_6.Jung.1996.lpd.csv,776,141157,230,610.3521739,31,199,255.7096774,669.2110553
219,GIK17051_3.Jung.1996.lpd.csv,859,84220,217,384.1520737,37,180,246.0540541,413.6555556
220,GIK17748-2.Kim.2002.lpd.csv,1080,16070,54,277.5925926,23,31,380.4347826,216.4516129
221,GIK17940_2.Pelejero.1999.lpd.csv,14,41106.75,878,46.80267654,397,481,25.14609572,64.7016632
222,GIK18287_3.Kienast.2001.lpd.csv,3389,16507,119,110.2352941,41,78,159.3658537,85.73076923
223,GiK18515_3.lpd.csv,214,26421,335,78.22985075,81,254,120.5061728,64.92519685
224,GIK23258-2.csv,698,13911,284,46.52464789,219,65,42.44748858,60.41538462
225,GIK23258.Sarnthein.2003.lpd.csv,698,13987,285,46.62807018,219,66,42.44748858,60.65151515
226,GIK23258_2.Martrat.2003.lpd.csv,670,14120,387,34.75452196,218,169,42.79816514,24.43786982
227,Gilltjarnen.Antonsson.2006.lpd.csv,-49.974,10706.78,57,188.7149825,53,4,186.1660566,247.97225
228,GISP2.Kobashi.2017.lpd.csv,-43,11512,11556,0.999913465,10044,1512,0.999900438,1.000661376
229,Glaswaldsee.EPD.lpd.csv,376.23,10274.68,153,64.69575163,152,1,62.37052632,819.42
230,Gloppsjon.Seppa.2009.lpd.csv,0,8971.748,73,122.9006575,73,0,122.9006575,0
231,GodziszewskieLake.Miotk.1986.lpd.csv,212.13,9520.91,86,108.2416279,86,0,108.2416279,0
232,GondoAlpjen.Welten.1982.lpd.csv,151.05,6577.36,42,153.007381,42,0,153.007381,0
233,Gosciaz.Welten.1982.lpd.csv,-35.95,12813.58,278,46.22133094,191,87,52.38958115,33.29931034
234,Gould.Anderson.2008.lpd.csv,-66,14478,73,199.2328767,51,22,193.627451,226.2727273
235,GraechenSee.Krisai.2006.lpd.csv,25.36,8318.67,81,102.3865432,81,0,102.3865432,0
236,Graham.Fuller.1997.lpd.csv,1,11611,208,55.81730769,199,9,49.61809045,210.3333333
237,GrandeBriere.Visset.1979.lpd.csv,253.23,4951.3,48,97.87645833,48,0,97.87645833,0
238,GravelRidge.Lamb.1985.lpd.csv,47,7279,45,160.7111111,45,0,160.7111111,0
239,GreatBasin.Salzer.2014.lpd.csv,-56,4524,4581,0.999781707,4581,0,0.999781707,0
240,Grenadier.McAndrews.1988.lpd.csv,-27,4631,79,58.96202532,79,0,58.96202532,0
241,GreyIslands.Cullen.2002.lpd.csv,-37,11366,79,144.3417722,70,9,143.3571429,163.6666667
242,GRIP_shakun.csv,-10,32390,1621,19.98766194,501,1120,19.96007984,20.01785714
243,Grostjorn.Eide.2009.lpd.csv,-47,8914,57,157.2105263,57,0,157.2105263,0
244,Gunnarsfjorden.Allen.2007.lpd.csv,32.185,9124.107,102,89.1364902,102,0,89.1364902,0
245,GYXO.Self.2015.lpd.csv,-56,3476,20,176.6,20,0,176.6,0
246,H214.Samson.2005.lpd.csv,590,16210,30,520.6666667,13,17,703.8461538,390
247,Haengstli.Heeb.1972.lpd.csv,211.61,7834.28,47,162.1844681,47,0,162.1844681,0
248,Hail.Cwynar.1995.lpd.csv,67,9918,53,185.8679245,53,0,185.8679245,0
249,Hams.Bennett.1987.lpd.csv,-29,11945,82,146.0243902,70,12,142.8714286,171.75
250,Hamundarstadhahals.Caseldine.2006.lpd.csv,7686.27,10738.375,30,101.7368333,26,4,88.15153846,208.76625
251,Hanging Lake.csv,0,15602.3,99,157.5989899,71,28,138.9422535,214.3071429
252,Hanging.Cwynar.1982.lpd.csv,0,61963.7,133,465.8924812,31,102,298.6967742,521.7078431
253,Hani.Zheng.2017.lpd.csv,0,16180.3,110,147.0936364,64,46,154.44375,140.2826087
254,HAP0212.vanderBilt.2016.lpd.csv,533.7,11117.3,60,176.3933333,58,2,139.8586207,1434.4
255,Harrie.King.1986.lpd.csv,-5,6805,28,243.2142857,28,0,243.2142857,0
256,Haugtjern.Eide.2009.lpd.csv,-23,8959,67,134.0597015,67,0,134.0597015,0
257,HavredeCrabec.Coutard.2006.lpd.csv,5.01,6837.88,51,133.9778431,51,0,133.9778431,0
258,HawkeHillsKettle.Macpherson.1982.lpd.csv,-27,8121,38,214.4210526,38,0,214.4210526,0
259,HeihaiLake.Chang.2017.lpd.csv,-59,5224,54,97.83333333,54,0,97.83333333,0
260,HeshangCave.Wang.2018.lpd.csv,73,8807,73,119.6438356,73,0,119.6438356,0
261,HiddenLakeCA.Potito.2006.lpd.csv,15.6,15314.15,57,268.395614,41,16,238.7504878,364.154375
262,High.Fuller.1997.lpd.csv,0,10566,185,57.11351351,182,3,54.2967033,285
263,Hinterburgsee.Heiri.2015.lpd.csv,-34.882,553.696,62,9.493193548,62,0,9.493193548,0
264,Hinterburgseeli.EPD.lpd.csv,-34.71,12619.89,100,126.546,66,34,149.1915152,90.29117647
265,Hirvijaervi.Luoto.2010.lpd.csv,0,11500,44,261.3636364,34,10,283.3823529,209.13
266,HLY03_05GC.Mohtadi.2008.lpd.csv,-10.563,10277,38,270.7253421,33,5,302.1079697,74.2
267,HLY0501.deVernal.2013.lpd.csv,225.35,8209.4,70,114.0578571,70,0,114.0578571,0
268,HM03_133_25.Solignac.2008.lpd.csv,757,10228,90,105.2333333,88,2,104.8522727,171.5
269,Holebudalen.Seppa.2009.lpd.csv,9850.153,374.413,37,-256.1010811,37,0,-256.1010811,0
270,Holtjaernen.Giesecke.2008.lpd.csv,-41,11446,101,113.7326733,93,8,106.8064516,212.25
271,Holzmaar.Litt.2009.lpd.csv,-23,10881,249,43.79116466,229,20,43.73362445,47.4
272,Homestead Scarp.csv,-45,12246.9,171,71.88245614,161,10,61.61285714,259.846
273,HomesteadScarp.McGlone.2010.lpd.csv,-39,12246.9,170,72.27,160,10,61.9604375,259.846
274,Honeymoon.Cwynar.1991.lpd.csv,17,10795,71,151.8028169,61,10,162.6721311,100.8
275,HopeSimpson.Engstrom.1985.lpd.csv,232,12182,50,239,42,8,232.0952381,283.125
276,HU73_031_7.Keigwin.1995.lpd.csv,770,20410,60,327.3333333,26,34,349.2307692,317.3529412
277,HU84.deVernal.2013.lpd.csv,1968.1,8296.5,41,154.3512195,41,0,154.3512195,0
278,HU87033_87017PC.Andrews.1999.lpd.csv,340,11522,52,215.0384615,33,19,291.969697,85.15789474
279,HU87033_87018PC.Andrews.1999.lpd.csv,280,9008,19,459.3684211,19,0,459.3684211,0
280,HU90.deVernal.2013.lpd.csv,1361.5,9798.2,68,124.0691176,68,0,124.0691176,0
281,HU90_013_013.Hillaire-Marcel.1994.lpd.csv,1782,50174,168,288.047619,35,133,225.8285714,306.0977444
282,HU91-039-008.Levac.2001.lpd.csv,1548.8,6755.8,41,127,41,0,127,0
283,Hudson.Clegg.2011.lpd.csv,-27.942,9574,83,115.6860482,83,0,115.6860482,0
284,HulunLake.Wen.2009.lpd.csv,-5,11035,170,64.94117647,155,15,64.13741935,78.13333333
285,HumberPond3.McAndrews.1989.lpd.csv,-29,4093,56,73.60714286,56,0,73.60714286,0
286,HumberPond5.McAndrews.1989.lpd.csv,-25,4203,32,132.125,32,0,132.125,0
287,HurlegLake.Zhao.2013.lpd.csv,566,8661,136,59.52205882,136,0,59.52205882,0
288,Hypkana.Hajkova.2016.lpd.csv,5070,13074,34,235.4117647,13,21,337.0769231,189.5238095
289,Iglutalik.Kerwin.2004.lpd.csv,0,8186.1,59,138.7474576,59,0,138.7474576,0
290,Indian.Bjorck.1985.lpd.csv,5820,10290,23,194.3478261,20,3,202.25,192.3333333
291,IOW225514.csv,450,6430,84,71.19047619,84,0,71.19047619,0
292,IOW225514BAY.Emeis.2003.lpd.csv,450,6430,84,71.19047619,84,0,71.19047619,0
293,IOW225517.csv,1820,11390,80,119.625,74,6,109.1891892,256.6666667
294,IOW225517BAY.Emeis.2003.lpd.csv,1820,11390,80,119.625,74,6,109.1891892,256.6666667
295,Irvin.Cushing.1982.lpd.csv,-20,10771,44,245.25,42,2,236.5714286,597.5
296,Isbenttjonn.Seppa.2009.lpd.csv,-43.5,8890.1,58,154.0275862,58,0,154.0275862,0
297,Isokaerret.Asplund.1989.lpd.csv,-44.69,4245.89,38,112.91,38,0,112.91,0
298,Jake.Kerwin.2005.lpd.csv,-41,8081.666,27,300.8394815,27,0,300.8394815,0
299,JinchueanBog.Yu.2013.lpd.csv,20,5752,130,44.09230769,130,0,44.09230769,0
300,JM01-1199.Hald.2007.lpd.csv,-50.1,13354.931,178,75.30916292,82,96,120.6568049,38.1144375
301,JM96-1207.Solignac.2013.lpd.csv,456.93,9927.1,86,110.1182558,86,0,110.1182558,0
302,JPC42.Caniupan.2014.lpd.csv,-50,8383.971204,76,110.9733053,76,0,110.9733053,0
303,JPC67.Bertrand.2017.lpd.csv,-45,14330,137,104.9270073,58,79,171.6551724,58.88607595
304,JR01.Fortin.2017.lpd.csv,-49,6956,57,122.8947368,57,0,122.8947368,0
305,JR01Chironomid.Fortin.2017.lpd.csv,-24,6916,112,61.96428571,112,0,61.96428571,0
306,JR244_GC528.Roberts.2016.lpd.csv,1000,25440,87,280.9195402,23,64,377.826087,248.90625
307,JR51GC-35.csv,61.87,10170.63,97,104.2140206,94,3,105.048617,109.29
308,JR51GC_35.Bendle.2007.lpd.csv,61.87,10170.63,116,87.14448276,113,3,87.38557522,109.29
309,K2.Fallu.2005.lpd.csv,-48,6717.176,99,68.33511111,99,0,68.33511111,0
310,Kaartlamminsuo.Rankama.1988.lpd.csv,159.64,4900.81,54,87.79944444,54,0,87.79944444,0
311,KaiteCobreMayor.MartinChivelet.2011.lpd.csv,-50,4005,876,4.628995434,876,0,4.628995434,0
312,Kansjon.EPD.lpd.csv,175.37,11884.39,31,377.7103226,28,3,350.1817857,744.08
313,KardashinskiSwamp.Kremenetski.1995.lpd.csv,290.92,9206.06,38,234.6089474,38,0,234.6089474,0
314,Karujarv.EPD.lpd.csv,484.76,8373.49,74,106.6044595,74,0,106.6044595,0
315,Keele.Szeicz.1995.lpd.csv,0,13923.6,51,273.0117647,41,10,240.0073171,445.75
316,Kenosee.Porter.1992.lpd.csv,67,5511,28,194.4285714,28,0,194.4285714,0
317,KeystoneIronbog.Fall.1985.lpd.csv,-5,9168,31,295.9032258,31,0,295.9032258,0
318,Kharinei.Jones.2011.lpd.csv,-53.246,11502.69,39,296.3060513,34,5,265.8603235,578.0426
319,Khatanga-12Lake.Syrykh.2017.lpd.csv,211.677,6918.66,24,279.457625,24,0,279.457625,0
320,Kinnshaugen.Seppa.2009.lpd.csv,-23,8829,48,184.4166667,48,0,184.4166667,0
321,Klotjaernen.Pollen.Sweden.lpd.csv,-59.8566,9497.06,111,86.09834775,111,0,86.09834775,0
322,klotjarnen.Seppa.2009.lpd.csv,-48.188,8942.028,104,86.44438462,104,0,86.44438462,0
323,KNR140-51GGC_shakun.csv,7760,25120,42,413.3333333,5,37,388,430
324,KNR159-5-36GGC_shakun.csv,9720,22840,35,374.8571429,1,385.8823529,0,NA
325,KNR159_5_36GGC.Carlson.2008.lpd.csv,1110,22840,50,434.6,16,34,538.125,412.3529412
326,KNR159_JPC26.Antonarakou.2015.lpd.csv,510,21130,64,322.1875,22,42,401.8181818,309.5238095
327,KNR166_14_11JPC.Elmore.2015.lpd.csv,665,13397,122,104.3606557,74,48,123.7148649,76.69895833
328,KNR166_JPC26.Schmidt.2011.lpd.csv,640,34490,436,77.63761468,22,414,416.3636364,60.12077295
329,KNR166_JPC51.Schmidt.2012.lpd.csv,1488,9149,164,46.71341463,164,0,46.71341463,0
330,KNR195_5_CDH23.Bova.2015.lpd.csv,1092,14085.84,570,22.79621053,385,185,23.10194805,22.34027027
331,KNR195_5_CDH26.Bova.2015.lpd.csv,1366.28,25831.26,504,48.54162698,33,471,259.9012121,33.85225053
332,KoeycegizGoelue.EPD.lpd.csv,1.52,5438.86,47,115.6880851,47,0,115.6880851,0
333,Komosomolskaia.Ciais.1992.lpd.csv,0,14934.1,851,17.54888367,627,224,15.93452951,22.1484375
334,Koucha.Herzschuh.2009.lpd.csv,0,16438,66,249.0606061,51,15,195.4245098,459.71
335,KP2.Seppa.2009.lpd.csv,0,8997,62,145.1129032,62,0,145.1129032,0
336,KR02Chironomid.Fortin.2010.lpd.csv,-44.95,10085.8,93,108.9327957,91,2,109.7205495,116.94
337,KR02Pollen.Peros.2008.lpd.csv,-48,10101.50125,69,147.094221,67,2,148.9362575,122.742375
338,KT05_7_PC_02.Kawahata.2009.lpd.csv,914,10280,83,112.8433735,81,2,111.9135802,211
339,KT92-17 St 14_shakun.csv,172,28165,55,508.9636364,16,39,589.8125,487.8461538
340,Kurupa.Boldt.2015.lpd.csv,-52.909,5593.69,1997,2.827540811,1997,0,2.827540811,0
341,KY07-04-01.csv,20.93,13081.63,135,96.74592593,97,38,102.3901031,84.09078947
342,KY07-04-01_shakun.csv,21,18784,195,96.22051282,98,97,101.3469388,91.73195876
343,KY07_04_PC1.Kubota.2010.lpd.csv,21,18784,195,96.22051282,98,97,101.3469388,91.73195876
344,Kyutyunda.Biskaborn.2016.lpd.csv,90.3684,12085.6,30,399.8410533,24,6,398.6813167,427.03
345,KZAI_01.Hardy.2018.lpd.csv,1540,43422,190,220.4315789,62,128,135.6935484,263.78125
346,LacAurelie.Bajolle.2018.lpd.csv,-19,8282.12,164,50.61658537,164,0,50.61658537,0
347,LacColin.Mott.1977.lpd.csv,56,12976,44,293.6363636,35,9,283,379.6666667
348,LacduSommet.Hausmann.2011.lpd.csv,-52,9483,107,89.11214953,107,0,89.11214953,0
349,LacFaribault.Larouche.1981.lpd.csv,-1,4361,24,181.75,24,0,181.75,0
350,LacGras.King.1986.lpd.csv,-30,7300,24,305.4166667,24,0,305.4166667,0
351,LacLeonard.Labelle.1984.lpd.csv,523,9791,25,370.72,25,0,370.72,0
352,LacMartyne.McAndrews.NA.lpd.csv,46,6798,27,250.0740741,27,0,250.0740741,0
353,LacMeleze.MacDonald.1987.lpd.csv,-32,13699,47,292.1489362,39,8,248.1794872,633.375
354,LacPatricia.McAndrews.1983.lpd.csv,-2,5581,36,155.0833333,36,0,155.0833333,0
355,LacPetel.King.1986.lpd.csv,19,8374,26,321.3461538,26,0,321.3461538,0
356,Ladd.Shane.1993.lpd.csv,-32.9,16364.1,59,277.9152542,43,16,217.3930233,466.2875
357,LagodeAjo.Allen.1996.lpd.csv,0.07,24194.98,78,310.1911538,48,30,205.6989583,487.24
358,LagoDellAccesa.Finsinger.2010.lpd.csv,4530,11500,86,81.04651163,71,15,75.42253521,117.3333333
359,LagoMoreno.Markgraf.2002.lpd.csv,2135,14450,30,410.5,22,8,350.3181818,628.25
360,LagoVerdarolo.Samartin.2011.lpd.csv,-59,13720,50,275.58,38,12,249.3157895,409.4166667
361,LagunaChaplin.Punyasena.2008.lpd.csv,-44,15144,32,474.625,30,2,236.1333333,4572
362,LagunaSaladaChiprana.EPD.lpd.csv,-8.78,7395.29,39,189.8479487,39,0,189.8479487,0
363,Laihalampi.Giesecke.2008.lpd.csv,0,11000,150,73.33333333,137,13,72.62883212,86.97
364,Laihalampi.Heikkila.2003.lpd.csv,49.043,8995.364,122,73.3305,122,0,73.3305,0
365,Lake 850.csv,-50,8039,102,79.30392157,102,0,79.30392157,0
366,Lake Nujulla.csv,-48,9476.78,52,183.1688462,52,0,183.1688462,0
367,LakeLyadhej-To.Andreev.2005.lpd.csv,68.889,10888.064,60,180.3195833,47,13,210.3991064,82.79223077
368,LakeoftheWoods.Palmer.2002.lpd.csv,-122.251469,11788.56091,63,189.060514,40,23,251.8180856,84.93165239
369,LakeStowell.Lemmen.2018.lpd.csv,-57,14183,119,119.6638655,82,37,122.1585366,117.2702703
370,LaPAS_KF02.Pivel.2013.lpd.csv,402,12958,101,124.3168317,80,21,119.425,153.3333333
371,Lapland.Helama.2009.lpd.csv,7450,-55,7506,-0.999866773,7506,0,-0.999866773,0
372,LawDome.Dahl-Jensen.1999.lpd.csv,-45,7452,34,220.5,34,0,220.5,0
373,LB1.Gajewski.1993.lpd.csv,7,6931,28,247.2857143,28,0,247.2857143,0
374,Lednica-1.Makohonienko.1991.lpd.csv,345.51,10381.85,84,119.4802381,81,3,117.6990123,227.42
375,Lednica-2.Litt.1991.lpd.csv,144.06,10063.66,103,96.30679612,102,1,96.42196078,155.01
376,LeFourneau.Barbier.1999.lpd.csv,73.8,13340.83,46,288.4136957,31,15,276.8954839,332.6686667
377,LeGrandLemps.Clerc.1988.lpd.csv,-4.36,11274.9,160,70.495375,124,36,80.47258065,36.915
378,LifebuoyLake.Solivieva.2015.lpd.csv,-4,6508,89,73.16853933,89,0,73.16853933,0
379,LiivjarveBog.Koff.1989.lpd.csv,332.37,10636.84,64,161.0073438,61,3,156.2067213,321.82
380,Liltlvatn.Seppa.2009.lpd.csv,-45,8779.86,38,232.2331579,38,0,232.2331579,0
381,Lily.Cwynar.1990.lpd.csv,54,12740,62,204.6129032,39,23,247.7179487,138.0869565
382,Lingreville.Billard.1995.lpd.csv,-33.75,3999.69,52,77.56615385,52,0,77.56615385,0
383,Little.Whitlock.1995.lpd.csv,305,45222,66,680.5606061,28,38,330.3214286,955.4473684
384,LittleBass.Swain.NA.lpd.csv,23,12368,37,333.6486486,33,4,300.969697,713
385,LittleLochRoag.Birks.1979.lpd.csv,8.31,9745.88,40,243.43925,40,0,243.43925,0
386,LittlePondRoyalston.Marsicek.2013.lpd.csv,-53,14999.6,88,171.0522727,74,14,134.1488108,388.5282857
387,Llet-T.liranta.2015.lpd.csv,-90,12836,99,130.5656566,67,32,149.3970149,94.228125
388,LO09-14.Berner.2008.lpd.csv,367.5,10976.136,329,32.24509422,309,20,31.14413269,50.26685
389,Lobsigensee.Ammann.1985.lpd.csv,447.16,19388.16,172,110.122093,105,67,90.26019048,144.7695522
390,Lochnagar30.Dalton.2005.lpd.csv,0,5795,53,109.3396226,53,0,109.3396226,0
391,LoneFoxLake.MacDonald.1985.lpd.csv,-32,12638.4,37,342.4432432,31,6,318.0612903,504.9666667
392,Longwoods.Wilmshurst.2007.lpd.csv,914.462,16974.3,32,501.8699375,22,10,396.1235455,776.527
393,LoonPond.Jacobson.Ja.lpd.csv,-26.7,14559.5,49,297.677551,33,16,291.7818182,354.775
394,LostLake_MI.Brubaker.1975.lpd.csv,0,11382.6,33,344.9272727,30,3,316.2466667,817.5333333
395,LoughMeenachrinna.Taylor.2018.lpd.csv,2048.2,7047.4,67,74.61492537,67,0,74.61492537,0
396,LouisePond.Mathewes.1994.lpd.csv,61.7,11496.2,49,233.3571429,44,5,224.2681818,365.56
397,LR01.Gajewski.1993.lpd.csv,88,7562,21,355.9047619,21,0,355.9047619,0
398,LR1.Gajewski.1993.lpd.csv,88,7570,21,356.2857143,21,0,356.2857143,0
399,LR3.Gajewski.1992.lpd.csv,74,5796,16,357.625,16,0,357.625,0
400,Luganskoe.Kvavadze.1994.lpd.csv,328.05,5584.21,28,187.72,28,0,187.72,0
401,LV29_114_3.Riethdorf.2013.lpd.csv,1100,20320,220,87.36363636,118,102,75.16949153,102.1568627
402,Lyadhej-To.Andreev.2005.lpd.csv,68.889,10788.064,60,178.6529167,47,13,210.3991064,75.09992308
403,Lynn.Nichols.1967.lpd.csv,314.2,7428,30,237.1266667,30,0,237.1266667,0
404,M135_004_3.Salvatteci.2019.lpd.csv,64,9294.875,146,63.22517123,146,0,63.22517123,0
405,M135_005_3.Salvatteci.2019.lpd.csv,-47.8,11326.7,180,63.19166667,140,40,71.72214286,34.1675
406,M25_4_KL11.csv,150,11160,44,250.2272727,39,5,252.5641026,280
407,M335003-4.csv,0,14680,51,287.8431373,38,13,257.3684211,388.4615385
408,M35003-4_shakun.csv,0,28780,87,330.8045977,38,49,257.3684211,390.8163265
409,M39-008_shakun.csv,1458,21328,108,183.9814815,63,45,135,254.7333333
410,M39008_3.Eynaud.2009.lpd.csv,875,21497,181,113.9337017,123,58,73.86178862,199.8793103
411,M40-4-SL78.Emeis.2003.lpd.csv,20,11380,72,157.7777778,67,5,147.0149254,372
412,M77_2_003_2.Salvatteci.2019.lpd.csv,784.35,17297.35,200,82.565,139,61,65.79496403,122.4672131
413,M77_2_024_5.Salvatteci.2019.lpd.csv,650.734,11333.05,68,157.0928824,59,9,157.4410508,172.0115556
414,M77_2_029_3.Salvatteci.2019.lpd.csv,800.858,17589.97,270,62.1818963,20,250,446.025,33.352448
415,M77_2_056_5.Neurnberg.2015.lpd.csv,30,13150,212,61.88679245,164,48,60.6097561,67.29166667
416,M77_2_059_1.N_rnberg.2015.lpd.csv,63,17295,270,63.82222222,111,159,89.23423423,46.47169811
417,Mackenzie.Woltering.2014.lpd.csv,-48,37261,41,909.9756098,20,21,473.6,1388.238095
418,Malawi.Johnson.2016.lpd.csv,360.961,1277346.101,407,3137.555627,33,374,285.0093333,3390.787687
419,MaleshevskaBog.Tonkov.1992.lpd.csv,7.26,7708.44,41,187.8336585,41,0,187.8336585,0
420,Mansell.Shuman.2016.lpd.csv,-30,10330.19,110,94.18354545,107,3,92.60502804,200.6453333
421,MaraisdeKeswick.Larouche.1986.lpd.csv,47,4328,48,89.1875,48,0,89.1875,0
422,MD01-2378.csv,732.25,15168.35,111,130.054955,72,39,126.4486111,139.2923077
423,MD01-2378_shakun.csv,732,23065,171,130.6023392,72,99,126.4583333,134.6363636
424,MD01-2390 MgCa_shakun.csv,1050,22106,101,208.4752475,50,51,175.24,244.1764706
425,MD01-2390 Uk37_shakun.csv,10150,19050,54,164.8148148,0,164.8148148,0,NA
426,MD01-2390.csv,1050,16226,85,178.5411765,50,35,175.244,187.8085714
427,MD01-2416.Sarnthien.2004.lpd.csv,5727,11920,41,151.0487805,20,21,209.5,100.1904762
428,MD01-2421 KR02-06GC KR-2-06MC.csv,-41,12010,190,63.42631579,165,25,60.31515152,95.12
429,MD01-2421_shakun.csv,240,144086,174,826.7011494,9,165,983.4444444,827.5939394
430,MD01-2444.Martrat.2007.lpd.csv,60,420000,1532,274.1122715,55,1477,179.2727273,277.8266757
431,MD01-2446.Salguero.2014.lpd.csv,2290,20012,55,322.2181818,31,24,248.7096774,423.4166667
432,MD01-2461_shakun.csv,8358,60776,370,141.6702703,7,363,229.2857143,140.3829201
433,MD01_2378.Xu.2008.lpd.csv,730,23070,222,100.6306306,93,129,99.03225806,102.5581395
434,MD01_2390.Steinke.2008.lpd.csv,1050,22106,205,102.7121951,47,158,189.8297872,77.82278481
435,MD01_2412.Harada.2006.lpd.csv,0,115970,674,172.0623145,129,545,75.65891473,194.9174312
436,MD01_2421.Isono.2009.lpd.csv,240,144086,233,617.3648069,43,190,226.6537442,706.9666684
437,MD02-2529.csv,112,14635,53,274.0188679,34,19,283.2941176,273.7894737
438,MD02-2529_shakun.csv,112,89334,237,376.464135,34,203,283.2941176,393.6009852
439,MD02-2575.csv,1239,19979,67,279.7014925,37,30,231.027027,351.0666667
440,MD02-2575_shakun.csv,1239,300296,563,531.1847247,37,526,231.027027,552.9448669
441,MD02_2503.Hill.2006.lpd.csv,141.492,35767,286,124.5647133,55,231,177.8222545,112.4819264
442,MD02_2515.McClymont.2012.lpd.csv,6825.404,24988.85,291,62.41734021,58,233,53.9137931,64.87453648
443,MD02_2575BAY.Ziegler.2008.lpd.csv,1239,300296,581,514.7280551,37,544,231.027027,534.6488971
444,MD02_2594.Dyez.2014.lpd.csv,177,80117,271,294.9815498,20,251,481.75,282.3386454
445,MD03-2601.Kim.2012.lpd.csv,1016,9373,46,181.673913,46,0,181.673913,0
446,MD03-2611_shakun.csv,680,30110,83,354.5783133,27,56,344.8148148,364.8214286
447,MD03-2707.csv,360,13100,289,44.08304498,243,46,39.62962963,68.91304348
448,MD03-2707_shakun.csv,360,155420,977,158.7103378,243,734,39.62962963,198.2152589
449,MD03_2607.LopesdosSantos.2013.lpd.csv,1100,134800,172,777.3255814,21,151,419.047619,829.8013245
450,MD03_2611.Calvo.2007.lpd.csv,684,30601,86,347.872093,28,58,332.5,360.7068966
451,MD03_2699.Rodrigues.2010.lpd.csv,932,23368,148,151.5945946,44,104,203.6818182,132.2884615
452,MD03_2707.Weldeab.2007.lpd.csv,360,155630,996,155.8935743,247,749,38.98785425,194.5260347
453,MD032601.Crosta.2007.lpd.csv,1000,10843,528,18.64204545,484,44,18.56818182,19.90909091
454,MD06_3067.Bolliet.2011.lpd.csv,3390,158200,484,319.8553719,27,457,244.0740741,324.5514223
455,MD06_3075.Fraser.2014.lpd.csv,0,115390,480,240.3958333,180,300,55.33333333,351.6333333
456,MD07-3088.Montade.2019.lpd.csv,-58,21617,124,174.7983871,51,73,196.4705882,162.0136986
457,MD07-3104.Montade.2019.lpd.csv,39,12941,57,226.3508772,45,12,219.4,262.5833333
458,MD07-3124.Caniupan.2014.lpd.csv,-50,10742,149,72.4295302,139,10,72.07194245,86.4
459,MD07_3076Q.Gottschalk.2015.lpd.csv,1203,66699,539,121.5139147,24,515,353.125,111.3514563
460,MD39-008.csv,1457.5,14672.26,85,155.4677647,63,22,135.0111111,218.5027273
461,MD79-257.csv,1553.72,15695.49,48,294.6202083,25,23,336.3328,256.8621739
462,MD79-257.Levi.2007.lpd.csv,1553.723,15695.489,47,300.8886383,24,23,350.3465417,256.8622174
463,MD79_257.Bard.1997.lpd.csv,1200,44900,103,424.2718447,30,73,286.6666667,483.5616438
464,MD79257_shakun.csv,1200,44900,103,424.2718447,30,73,288.3,482.9589041
465,MD84_527.Labracherie.1989.lpd.csv,1750,27190,40,636,26,14,311.5384615,1260
466,MD88-770_shakun.csv,4590,149250,211,685.5924171,19,192,275.2631579,727.7604167
467,MD94_103BAY.Sicre.2005.lpd.csv,2391.9,50868,637,76.10062794,53,584,143.1716981,70.20864726
468,MD95-2011 HM79-4.csv,567,14939,174,82.59770115,117,57,80.62393162,88.89473684
469,MD95-2011.csv,510,8490,126,63.33333333,126,0,63.33333333,0
470,MD95-2015.csv,690,10556.54,135,73.08548148,114,21,81.49122807,28.88285714
471,MD95-2037_shakun.csv,6838,301100,318,925.3522013,31,287,100.516129,1014.794425
472,MD95-2043.csv,1007.6,14689.23,144,95.01131944,75,69,119.8502667,69.23971014
473,MD95-2043_shakun.csv,1008,51930,332,153.3795181,75,257,119.84,163.4941634
474,MD95_2002.Eynaud.2012.lpd.csv,10289,35938,186,137.8978495,0,137.8978495,0,NA
475,MD95_2011.Risebrobakken.2003.lpd.csv,483,24226,1122,21.16131907,612,510,15.52089216,27.97997255
476,MD95_2015.Marchal.2002.lpd.csv,690,10980,133,77.36842105,114,19,81.49122807,54.21052632
477,MD95_2043.Cacho.1999.lpd.csv,1007.6,51930,358,142.2413408,81,277,110.9724815,151.6906643
478,MD97-2120.csv,1951,12787,72,150.5,51,21,156.3333333,143.952381
479,MD97-2120_shakun.csv,1951,156360,720,214.4569444,51,669,156.3333333,219.1270553
480,MD97-2121.csv,3316.25,135048,774,170.1960594,162,612,41.02932099,204.3875817
481,MD97-2121_shakun.csv,3353,135048,667,197.4437781,79,588,83.67088608,212.8163265
482,MD97-2141_shakun.csv,4334,21810,226,77.32743363,63,163,89.03174603,73.1595092
483,MD97_2121.Pahnke.2006.lpd.csv,3316.2,135048,671,196.3216095,83,588,80.07951807,212.8159864
484,MD97_2141.Rosenthal.2003.lpd.csv,4286,146440,1710,83.13099415,120,1590,47.14149167,85.88367484
485,MD97_2146.Shintani.2011.lpd.csv,192.324,28021.75,82,339.3832439,42,40,227.3344762,461.715225
486,MD97_2151.Yamamoto.2013.lpd.csv,955.312,154522.3,172,892.8313256,22,150,373.9585455,971.1384467
487,MD98-2165.csv,767,14689.3,80,174.02875,46,34,199.8086957,149.0088235
488,MD98-2165_shakun.csv,767,25827,134,187.0149254,46,88,199.8043478,184.1363636
489,MD98-2170_shakun.csv,1868,21921,62,323.4354839,29,33,277.0344828,386.3030303
490,MD98-2176.csv,125.74,13171,219,59.56739726,199,20,48.96361809,168.3
491,MD98-2176_shakun.csv,126,20333,274,73.74817518,198,76,49.21212121,138.5263158
492,MD98-2181.csv,2.6,11659,237,49.18312236,205,32,48.58097561,55.3875
493,MD98-2181_shakun.csv,3,21869,421,51.93824228,205,216,48.5804878,55.47222222
494,MD98-2195_shakun.csv,194,23203,144,159.7847222,60,84,162.0666667,161.0714286
495,MD98_2161.Fan.2018.lpd.csv,-6,25045.7,435,57.59011494,258,177,38.62674419,85.45875706
496,MD98_2165.Levi.2007.lpd.csv,767,25827,134,187.0149254,46,88,199.8043478,184.1363636
497,MD98_2176.Stott.2007.lpd.csv,125.7,20333,279,72.42759857,203,76,47.99901478,138.5263158
498,MD98_2178.Fan.2018.lpd.csv,1629.7,25013.9,677,34.54091581,319,358,26.20815047,42.03156425
499,MD98_2181.Stott.2007.lpd.csv,2.6,21869,490,44.62530612,260,230,38.30423077,52.0973913
500,MD98_2188.Dang.2012.lpd.csv,40,12930,197,65.43147208,152,45,65.46052632,66.88888889
501,MD98_2195.Ijiri.2005.lpd.csv,194,23203,182,126.4230769,80,102,121.55,132.0882353
502,MD9821-62_shakun.csv,751,24066,66,353.2575758,22,44,407.4090909,335.8409091
503,MD99-2227.deVernal.2013.lpd.csv,753.39,9847.5,79,115.1153165,79,0,115.1153165,0
504,MD99-2256.Jennings.2015.lpd.csv,181.22,2613,126,19.29984127,126,0,19.29984127,0
505,MD99-2266.Moossen.2015.lpd.csv,310,10744,326,32.00613497,311,15,31.14469453,53.13333333
506,MD99-2269.Justwan.2008.lpd.csv,-16.102,11477,310,37.07452258,287,23,34.70383972,67.59130435
507,MD99-2284.Risebrobakken.2009.lpd.csv,998.294,11996.478,326,33.73676074,151,175,59.53192715,11.55288571
508,MD99-2322.Jennings.2011.lpd.csv,183.17,11776,120,96.60691667,97,23,101.1869072,82.84347826
509,MD99_2251.Farmer.2008.lpd.csv,560,11990,245,46.65306122,218,27,43.02752294,78.51851852
510,MD99_2269.Kristjnsd_ttir.2017.lpd.csv,130.308,11519.35,427,26.67222951,381,46,25.88108136,33.73191304
511,MD99_2339.Eynaud.2009.lpd.csv,893.8,47072,485,95.21278351,19,466,401.5894737,83.34957082
512,MD99_2341.Eynaud.2009.lpd.csv,1143,49373,396,121.7929293,51,345,173.4509804,114.5275362
513,ME00051-24JC_shakun.csv,2090,35600,114,293.9473684,17,97,455.8823529,267.9896907
514,ME0005A-43JC_MgCa_shakun.csv,492,28290,119,233.5966387,46,73,205.1086957,252.890411
515,ME0005A_43JC.Benway.2006.lpd.csv,492,28290,152,182.8815789,49,103,192.5510204,179.2330097
516,ME005A-43JC.csv,492,15560,72,209.2777778,46,26,205.1086957,220.4230769
517,Medvedevskoe.Nazarova.2018.lpd.csv,0,12017.6,35,343.36,27,8,361.1403704,318.77
518,MeerfelderMaar.Litt.2009.lpd.csv,163,10990,406,26.66748768,385,21,25.47272727,63.80952381
519,Mendota.Winkler.1986.lpd.csv,72,13260,34,387.8823529,28,6,338.2857143,743.3333333
520,Menez-Cam.VanZeist.1964.lpd.csv,348.22,5329.04,40,124.5205,40,0,124.5205,0
521,MiddenCluster1.Harbert.2018.lpd.csv,0,15211,62,245.3387097,59,3,144.8644068,2401.333333
522,MiddenCluster2.Harbert.2018.lpd.csv,0,47262,135,350.0888889,44,91,225.25,411.956044
523,MiddenCluster3.Harbert.2018.lpd.csv,0,13745,19,723.4210526,18,1,420.4444444,7434
524,MiddenCluster4.Harbert.2018.lpd.csv,0,6645,15,443,15,0,443,0
525,MiddenCluster5.Harbert.2018.lpd.csv,0,49968,45,1110.4,17,28,451.1764706,1701
526,MiddenCluster6.Harbert.2018.lpd.csv,0,35082,61,575.1147541,40,21,232.875,1238.571429
527,MiddenCluster7.Harbert.2018.lpd.csv,1178,13803,41,307.9268293,33,8,266.8787879,488.75
528,MiddenCluster8.Harbert.2018.lpd.csv,144,34938,53,656.490566,38,15,199.8947368,1947.733333
529,MiddenCluster9.Harbert.2018.lpd.csv,609,54400,75,717.2133333,33,42,282.9090909,1069.928571
530,MilandreCave.Affolter.2019.lpd.csv,-19.5,13923,266,52.41541353,244,22,40.95696721,182.7272727
531,MireSaviku.Sarv.1975.lpd.csv,242.94,12758.69,74,169.1317568,63,11,148.4377778,327.1890909
532,MittlereHellelen.Welten.1982.lpd.csv,192.25,18113.41,95,188.6437895,65,30,150.746,273.0666667
533,MLake.Ritchie.1977.lpd.csv,0,13807,71,194.4647887,46,25,212.7173913,166.28
534,Moanatuatua.Jara.2017.lpd.csv,-91.5,14637.9,146,100.8863014,101,45,99.52871287,106.1355556
535,Mohawk.Webb.1986.lpd.csv,215,16337,43,374.9302326,30,13,320.4333333,526.3846154
536,MonheganIslandMeadow.Bostwick.1978.lpd.csv,50,12141.2,35,345.4628571,32,3,287.48125,1195.666667
537,Moon.Grimm.1996.lpd.csv,-32,13650,169,80.95857988,134,35,73.79850746,112.6
538,MoorAlpenrose.Weirich.1980.lpd.csv,4.7,10703.61,47,227.636383,44,3,226.9675,316.5966667
539,MoorimWeissenstadterForst.Hahne.1992.lpd.csv,66.19,7029.5,34,204.8032353,34,0,204.8032353,0
540,Moose Lake.csv,-20.03,6007.66,128,47.09132813,128,0,47.09132813,0
541,MooseLake.Clegg.2010.lpd.csv,-20.035,6007.664,128,47.09139844,128,0,47.09139844,0
542,Moraine.Hansen.1985.lpd.csv,146,10728,43,246.0930233,41,2,238.5365854,601.5
543,Mount Honey.csv,-45,12563,110,114.6181818,100,10,99.2167,290.267
544,MountHoney.McGlone.2010.lpd.csv,-17.917,12563,109,115.4212569,99,10,99.94532323,290.267
545,MR003-K03-PC01.Harada.2004.lpd.csv,583.544,17333.66,170,98.53009412,127,43,73.57585039,178.5605581
546,MS2008E_shakun.csv,400,33600,58,572.4137931,8,50,1162.5,498
547,MSM05_5_712_2.Werner.2013.lpd.csv,0,14004.74,265,52.84807547,224,41,44.55452679,99.05290244
548,MSM055_712-2.Werner.2015.lpd.csv,421,11953,169,68.23668639,153,16,62.12418301,132.9375
549,MSM055_723-2.Werner.2015.lpd.csv,-59,12016,127,95.07874016,94,33,106.9787234,63.15151515
550,MSM343300.Ouellet-Bernier.2014.lpd.csv,803,10129,137,68.0729927,134,3,67.59701493,137.3333333
551,MV1014_09MC.Hertzberg.2016.lpd.csv,2275.052,6935.548,19,245.2892632,19,0,245.2892632,0
552,MV99_PC14.Marchitto.2010.lpd.csv,2221.6,13811.8,211,54.92985782,124,87,62.68629032,44.99655172
553,Myrtle.Janssen.1968.lpd.csv,28,12841,82,156.2560976,56,26,175.6785714,119.0769231
554,Myrvatn.Seppa.2009.lpd.csv,-42.4,8893.76,48,186.17,48,0,186.17,0
555,NA87-22_shakun.csv,530,22922,110,203.5636364,76,34,124.5394737,382.6470588
556,Nalengcuo.Opitz.2015.lpd.csv,104.069,17739.6,191,92.33262304,83,108,119.0426627,72.95444444
557,Nautajarvi.Seppa.2009.lpd.csv,51,8998,240,37.27916667,240,0,37.27916667,0
558,Nedlouc.Larouche.1981.lpd.csv,81,4154,13,313.3076923,13,0,313.3076923,0
559,NGRIP_shakun.csv,-30,59950,3000,19.99333333,502,2498,19.96015936,20.00800641
560,Nikolay.Andreev.2004.lpd.csv,-49,10561,20,530.5,17,3,580.9411765,349.3333333
561,NikolayLake.Andreev.2004.lpd.csv,95,10210,21,481.6666667,19,2,511.2278947,302.5
562,NIOP-905 Tex86_shakun.csv,19,22164,108,205.0462963,56,52,176.4107143,239.1346154
563,NIOP-905 UK37_shakun.csv,19,22938,111,206.4774775,56,55,176.4107143,240.1636364
564,NIOP 905 TEX86.csv,19,14651,77,190.025974,56,21,176.4107143,234.3809524
565,NIOP 905 UK37.csv,19,14651,77,190.025974,56,21,176.4107143,234.3809524
566,NIOP_C2_905_PC.Huguet.2006.lpd.csv,19,22938,111,206.4774775,56,55,176.4107143,240.1636364
567,Njakajaure.Bigler.2006.lpd.csv,111,8855,41,213.2682927,41,0,213.2682927,0
568,Njulla.Larocque.2004.lpd.csv,-48,9106.555,52,176.0491346,52,0,176.0491346,0
569,NO04-KH3 KH4.csv,1313,14580,70,189.5285714,43,27,201.5813953,175.4814815
570,NorthCraterLake.Palmer.2002.lpd.csv,7.341,12602.386,47,267.9796809,37,10,258.8423784,368.8231
571,NorthGRIP.Gkinis.2014.lpd.csv,150,16000,1586,9.99369483,986,600,9.989858012,10.01666667
572,NorthPond.Whitehead.1978.lpd.csv,-105,13083,55,239.7818182,35,20,285.2285714,175.65
573,NP04-KH3_shakun.csv,1313,20406,92,207.5326087,43,49,201.5813953,215.5918367
574,NussbaumerSeen.Rsch.1995.lpd.csv,8.46,16714.62,107,156.1323364,62,45,161.1491935,151.39
575,Nutt.Bennett.1987.lpd.csv,113,11080,83,132.1325301,80,3,121.4875,484
576,OCE326-GGC26.csv,100,11830,112,104.7321429,89,23,110.8988764,82.60869565
577,OCE326-GGC5_shakun.csv,570,19910,42,460.4761905,8,34,1126.25,325.8823529
578,OCE326_GGC26.Keigwin.2005.lpd.csv,100,11830,233,50.34334764,210,23,47,82.60869565
579,OCE326_GGC30.Sachs.2007.lpd.csv,0,12920,169,76.44970414,127,42,78.34645669,72.38095238
580,ODP-1019D.csv,160,14940,116,127.4137931,67,49,146.4179104,105.5102041
581,ODP-658C.csv,88,14350,135,105.6444444,94,41,103.5319149,120.3170732
582,ODP 1084B.csv,0,21262,222,95.77477477,96,126,103.9791667,89.92857143
583,ODP 984.csv,553.8,10422.9,95,103.8852632,91,4,103.2032967,159.2
584,ODP_165_999A.Schmidt.2004.lpd.csv,3520,130750,107,1189.065421,11,96,523.6363636,1280.520833
585,ODP_167_1019C.Barron.2003.lpd.csv,160,14940,116,127.4137931,67,49,146.4179104,105.5102041
586,ODP_175_1078C.Kim.2003.lpd.csv,20,24740,103,240,42,61,236.4285714,243.7704918
587,ODP_175_1084B.Farmer.2005.lpd.csv,0,21262,227,93.66519824,100,127,99.82,89.22047244
588,ODP_178_1098B.Shevenell.2011.lpd.csv,79.55,11768.52,125,93.51176,101,24,95.91207921,85.45625
589,ODP1084B_shakun.csv,1,21262,222,95.77027027,96,126,103.96875,89.92857143
590,ODP1144_shakun.csv,3260,24140,62,336.7741935,9,53,610,295.2830189
591,ODP1233_shakun.csv,10034,24984,160,93.4375,0,93.4375,0,NA
592,ODP162_984.Came.2007.lpd.csv,446,11099.5,147,72.47278912,135,12,70.36518519,102.8166667
593,ODP658C.deMenocal.1997.lpd.csv,88,23023,163,140.7055215,94,69,103.5319149,197.1884058
594,ODP658C_deMonocal_shakun.csv,88,23023,163,140.7055215,94,69,103.5319149,197.1884058
595,ODP658C_UK37.Zhao.1995.lpd.csv,137,22589,203,110.6009852,98,105,100.1938776,121.8666667
596,ODP658C_Zhao_shakun.csv,46,83906,418,200.6220096,122,296,80.47540984,250.6587838
597,Olive-backedLake.Self.2015.lpd.csv,683,7730,66,106.7727273,66,0,106.7727273,0
598,OltushLake.EPD.lpd.csv,408.89,11566.19,42,265.65,37,5,257.6740541,377.416
599,Ospitale.Watson.1996.lpd.csv,-38.24,6278.5,51,123.8576471,51,0,123.8576471,0
600,Ostrowite.Milecka.2002.lpd.csv,5.91,12305.73,125,98.39856,112,13,84.79723214,225.2676923
601,P1003.Sejrup.2011.lpd.csv,-48.236,7880.835,649,12.21736672,649,0,12.21736672,0
602,P178_15P.Tierney.2016.lpd.csv,-18,39485,104,379.8365385,50,54,196.98,554.0555556
603,PannelBridge.Waller.1993.lpd.csv,299.41,11665.42,143,79.48258741,126,17,76.02777778,114.0276471
604,ParkPond1.Lynch.1998.lpd.csv,227,5233,23,217.6521739,23,0,217.6521739,0
605,PathLake.Neil.2014.lpd.csv,7,9121,121,75.32231405,121,0,75.32231405,0
606,PC-6_shakun.csv,325,27018,313,85.28115016,223,90,43.18834081,191.0555556
607,PC_1.Chang.2015.lpd.csv,78.1,24296.23,409,59.21303178,117,292,84.73808547,49.18615068
608,PC6.Minoshima.2007.lpd.csv,325,27018,313,85.28115016,223,90,43.18834081,191.0555556
609,PeatlandKlukva.Novenko.2015.lpd.csv,-16,9450,55,172.1090909,55,0,172.1090909,0
610,PechoraLake.Andren.2015.lpd.csv,474,10034,59,162.0338983,58,1,162.7241379,366
611,Pella.Lim.2016.lpd.csv,500,12000,116,99.13793103,96,20,98.95833333,105
612,PerchLake_Manitoba.Ritchie.NA.lpd.csv,-14,6058,45,134.9333333,45,0,134.9333333,0
613,PerchLake_ON.Terasmae.1975.lpd.csv,-10,11351,65,174.7846154,60,5,164.55,354.8
614,Pingwang.Li.2018.lpd.csv,2271,9006,51,132.0588235,51,0,132.0588235,0
615,Pixie.Brown.2002.lpd.csv,19,16982,108,157.0648148,65,43,152.9076923,169.744186
616,PL07-39PC.csv,305,14077,109,126.3486239,48,61,201.0625,70.03278689
617,PL07-39PC_shakun.csv,305,24764,184,132.9293478,48,136,201.0625,109.9926471
618,PL07_39PC.Lea.2003.lpd.csv,305,24764,193,126.7305699,50,143,193.02,104.6083916
619,PlatypusTarn.Rees.2010.lpd.csv,31.369,15862.851,52,304.4515769,43,9,230.1675814,669.4441111
620,PogoniaBog.Cushing.1979.lpd.csv,-24,11114,68,163.7941176,62,6,154.2903226,311.5
621,PointEscuminac.Warner.1991.lpd.csv,261,12471,107,114.1121495,83,24,117.1807229,110.8333333
622,PolandSpring.Jacobson.Ja.lpd.csv,-38,14018,52,270.3076923,43,9,231,518.3333333
623,Posy.Shafer.1989.lpd.csv,-39,9366.6,26,361.7538462,26,0,361.7538462,0
624,PotrokAike.Massaferro.2013.lpd.csv,73.356,15315.9,149,102.298953,92,57,107.6521087,95.47964912
625,PP10-07.Mary.2016.lpd.csv,422,10150,206,47.22330097,193,13,49.39896373,16.07692308
626,PrazRodet.Shotyk.1997.lpd.csv,-43.39,14778.17,142,104.3771831,121,21,82.04471074,273.5766667
627,PTHE.Self.2015.lpd.csv,-13,3874,17,228.6470588,17,0,228.6470588,0
628,PuertodeLosTornos.Penalba.1989.lpd.csv,-32.87,9676.21,48,202.2725,48,0,202.2725,0
629,PupukeChironomid.VandenBos.2018.lpd.csv,-12,14093,68,207.4264706,56,12,175.25,368.6666667
630,PupukePollen.VandenBos.2018.lpd.csv,1001,16138,62,244.1451613,48,14,187.2291667,456.6428571
631,PusciznaRekowianska.Obidowicz.1993.lpd.csv,7.77,11423.79,76,150.2107895,69,7,144.0288406,246.3614286
632,Qinghai.Hou.2016.lpd.csv,0,15629,184,84.94021739,70,114,142.7714286,50.0877193
633,Qipisarqo.Frechette.2009.lpd.csv,8,8634,50,172.52,50,0,172.52,0
634,Quartz.Wooller.2012.lpd.csv,777,10949,49,207.5918367,44,5,204.1818182,300.2
635,Queens.Moser.1990.lpd.csv,0,8840.4,33,267.8909091,33,0,267.8909091,0
636,Radtke.Webb.1983.lpd.csv,1,13358,49,272.5918367,38,11,262.2105263,367.1818182
637,Raigastvere.Seppa.2004.lpd.csv,0,8923,90,99.14444444,90,0,99.14444444,0
638,RaigastvereLake.Pirrus.1987.lpd.csv,-16.95,11673.07,116,100.7760345,98,18,101.315102,104.3638889
639,rainbow.Clegg.2011.lpd.csv,-54,13505.544,46,294.7726957,34,12,290.9317941,328.5103333
640,Ranger.Brubaker.1983.lpd.csv,0,9562,28,341.5,28,0,341.5,0
641,Rapid-12-1k.csv,0,22869,591,38.69543147,112,479,88.97767857,27.01148225
642,Rapid.Fall.1994.lpd.csv,0,18570,46,403.6956522,27,19,359.8518519,481.5263158
643,RAPiD_12_1K.Thornalley.2010.lpd.csv,-21,11869,201,59.15422886,125,76,80.032,25.03947368
644,Ratasjoen.Velle.2005.lpd.csv,-49,11620.88,76,153.5510526,65,11,151.7767692,177.6670909
645,RC12-10.Poore.2003.lpd.csv,614.285,13980.2,159,84.06235849,132,27,70.45238636,156.5818519
646,RC24_08GC.Arbuszewski.2013.lpd.csv,3715,26865,46,503.2608696,11,35,532,507.6
647,RC27_23.Overpeck.1996.lpd.csv,0,19855,44,451.25,12,32,806.1666667,328.53125
648,RC27_28.Overpeck.1996.lpd.csv,4906,13820,51,174.7843137,20,31,253.8,133.5806452
649,RedRock.Maher.1972.lpd.csv,-239.8,11659.8,41,290.2341463,36,5,276.0638889,476.2
650,Reiarsdalvatnet.Seppa.2009.lpd.csv,-82.08,8930.53,84,107.2929762,84,0,107.2929762,0
651,Reidel.Almquist-Jacobson.1992.lpd.csv,-31,13480,51,264.9215686,37,14,270.8378378,299.6428571
652,RiviereFeuilles2.Larouche.1981.lpd.csv,493,5615,17,301.2941176,17,0,301.2941176,0
653,RR1313_23PC.MoffaSanchez.2019.lpd.csv,1280,16186,120,124.2166667,64,56,135.921875,112.7142857
654,Ruila.Seppa.2004.lpd.csv,0,10012.5,35,286.0714286,34,1,285.2647059,627
655,Rukatunturi.Hicks.1985.lpd.csv,93.3,5610.25,18,306.4972222,18,0,306.4972222,0
656,s53s52.KaislahtiTillman.2010.lpd.csv,-40,6171.296,37,167.8728649,37,0,167.8728649,0
657,SacredLake.Loomis.2012.lpd.csv,63,47730,93,512.5483871,38,55,255.5263158,693.9818182
658,SaegistalseePollen.Wick.2003.lpd.csv,-40.58,8947.68,212,42.39745283,212,0,42.39745283,0
659,Saint-JeanOrleans.Richard.1981.lpd.csv,143,6561,17,377.5294118,17,0,377.5294118,0
660,SaintCalixte.Larouche.NA.lpd.csv,77,11209,35,318.0571429,28,7,344.6428571,263.7142857
661,SaintThomas.Voeltzel.1987.lpd.csv,152.24,6947.16,101,67.27643564,101,0,67.27643564,0
662,SaintViaudContin.Bernard.1996.lpd.csv,-18,7363.69,70,105.4527143,70,0,105.4527143,0
663,SaladaPequena.EPD.lpd.csv,-40.98,4596.56,43,107.8497674,43,0,107.8497674,0
664,SchwarzseeobSoelden.Ilyashuk.2011.lpd.csv,-36.458,10200.217,159,64.38160377,155,4,64.49665806,74.904
665,SchwarzseeReschenscheideck.Welten.1982.lpd.csv,-27.64,13688.64,42,326.5780952,25,17,387.3868,262.5229412
666,ScreamingLynxLake.Clegg.2011.lpd.csv,-43,10611,150,71.02666667,147,3,67.2585034,271
667,SecretLake.Lasher.2017.lpd.csv,-64,7595,27,283.6666667,27,0,283.6666667,0
668,Sharkey.Shuman.2016.lpd.csv,634,13038.3,165,75.17757576,158,7,53.65886076,669.0571429
669,SihailongwanMaar.Stebich.2015.lpd.csv,150,11992,206,57.48543689,163,43,60.22699387,48.34883721
670,Sixteen.Futyma.1986.lpd.csv,2206,10419,33,248.8787879,32,1,242.59375,900
671,sjuuodjijaure.Rosen.2001.lpd.csv,0,9359.764,53,176.5993208,53,0,176.5993208,0
672,SK237_GC04.Saraswat.2013.lpd.csv,120,31600,285,110.4561404,78,207,126.6666667,104.8792271
673,Skrzetuszewskie.Litt.2001.lpd.csv,166.37,12651.5,83,150.423253,70,13,140.1031429,220.0715385
674,Sluggan.Smith.1991.lpd.csv,39.32,14739.94,115,127.8314783,84,31,118.0708333,160.1251613
675,SN-6.Tiwari.2015.lpd.csv,154.21,4772.19,36,128.2772222,36,0,128.2772222,0
676,SO136-Gc11.csv,50,13830,49,281.2244898,32,17,310.3125,238.2352941
677,SO136-GC11_shakun.csv,50,31320,205,152.5365854,32,173,310.3125,124.5086705
678,SO136_GC11.Barrows.2007.lpd.csv,50,31320,205,152.5365854,32,173,310.3125,124.5086705
679,SO189_039KL.Mohtadi.2014.lpd.csv,410,45330,667,67.34632684,167,500,57.4251497,70.78
680,SO189_119KL.Mohtadi.2014.lpd.csv,60,36060,154,233.7662338,32,122,300,216.8032787
681,SO189_144KL.Mohtadi.2014.lpd.csv,90,23722,379,62.35356201,144,235,68.61805556,58.76595745
682,SO90_63KA.Staubwasser.2003.lpd.csv,-40,12754,902,14.18403548,676,226,14.84467456,12.24778761
683,Sokli.Shala.2017.lpd.csv,0,10826.5493,71,152.4866098,59,12,167.8983051,83.79577465
684,SouthAfricanRainfallZone.Chevalier.2015.lpd.csv,0,12000,121,99.17355372,101,20,99.00990099,105
685,Soylegrotta.Lauritzen.1999.lpd.csv,136.503,9955.222,243,40.40625103,243,0,40.40625103,0
686,Spaime.Hammarlund.2004.lpd.csv,41.651,10470,57,182.9534912,55,2,175.8456,622.49
687,SprucePond.Shuman.2016.lpd.csv,100,29248,178,163.752809,130,48,75.944,403.3691667
688,SSDP_102.Kim.2004.lpd.csv,10,6880,113,60.79646018,113,0,60.79646018,0
689,StaroselskyMoch.Novenko.2018.lpd.csv,-19,9792,56,175.1964286,56,0,175.1964286,0
690,Stazersee.Heiri.2015.lpd.csv,-38.044,10628.824,94,113.4773191,89,5,112.4895393,156.7348
691,Steel.Shuman.2016.lpd.csv,-50.98,12300,125,98.80784,111,14,90.0018018,178.0914286
692,StellaLake.Reinemann.2009.lpd.csv,0,6678.086,101,66.11966337,101,0,66.11966337,0
693,Straldzhamire.Tonkov.2009.lpd.csv,-57.07,4366.56,28,157.9867857,28,0,157.9867857,0
694,SU81-18 Waelbroeck_shakun.csv,0,20153,42,479.8333333,15,27,647.9333333,421.7407407
695,SU81-18_shakun.csv,400,31439,98,316.7244898,19,79,497.1578947,277.0506329
696,SU81_18.Bard.2000.lpd.csv,400,31489,114,272.7105263,24,90,393.5833333,243.7444444
697,SudobleLake.Elovicheva.1985.lpd.csv,487.75,13727.6,61,217.0467213,36,25,258.5611111,167.354
698,Sutherland.Shuman.2016.lpd.csv,44.4444,31850.16,183,173.8017246,125,58,78.694396,380.918719
699,SV04.Rigual-Hernndez.2017.lpd.csv,726,10486,63,154.9206349,56,7,165.2321429,82.71428571
700,Svanavatnet.Bjune.2008.lpd.csv,-17.56,8750.308,82,106.9252195,82,0,106.9252195,0
701,Svartvatnet-Norway.Seppa.2009.lpd.csv,-37,8938,50,179.5,50,0,179.5,0
702,Svartvatnet-Svalbard.Luoto.2018.lpd.csv,0,5555,41,135.4878049,41,0,135.4878049,0
703,SwienskuhleDAHIII.Behre.1986.lpd.csv,317.38,7168.22,72,95.15055556,72,0,95.15055556,0
704,SwietokrzyskieLake.Makohonienko.1991.lpd.csv,-1.4,11585.21,175,66.2092,166,9,60.06277108,197.9844444
705,Szymbark.Szczepanek.1989.lpd.csv,259.8,10319.83,96,104.7919792,92,4,105.7936957,102.1925
706,TalkinTarn.Langdon.2004.lpd.csv,121.316,5758.571,34,165.8016176,34,0,165.8016176,0
707,TanaLake.Loomis.2015.lpd.csv,397.063,16052.941,65,240.8596615,38,27,236.3062368,255.323
708,Tanganyika.Tierney.2008.lpd.csv,1313,59454,210,276.8619048,43,167,201.5813953,297.0778443
709,Tarnowiec.Harmata.1987.lpd.csv,475.16,14190.78,53,258.785283,36,17,259.1069444,278.9994118
710,TauldintreBrazi.Toth.2015.lpd.csv,-19,12027.985,122,98.74577869,94,28,106.287234,75.71375
711,TaulMuced.Diaconu.2017.lpd.csv,-60,6625,59,113.3050847,59,0,113.3050847,0
712,Temje.Nazarova.2013.lpd.csv,0,10035,42,238.9285714,41,1,238.6585366,501
713,TiancaiLake.Zhang.2017.lpd.csv,-57.817,12053,221,54.80007692,188,33,53.33945213,65
714,Tiavatnet.Seppa.2009.lpd.csv,-50,8988,75,120.5066667,75,0,120.5066667,0
715,Tibetanus.Hammarlund.2002.lpd.csv,39.4,10237.5,45,226.6244444,42,3,236.9870714,195.8333333
716,Tigalmamine.Cheddadi.1998.lpd.csv,-26,12278,109,112.8807339,97,12,102.7835052,203.2986083
717,TK2.Porinchu.2019.lpd.csv,-46,9980,58,172.862069,58,0,172.862069,0
718,TN057-17.csv,0,12563.16,283,44.39279152,228,55,43.79390351,47.46909091
719,TN057-17.Nielsen.2004.lpd.csv,0,12563.16,283,44.39279152,228,55,43.79390351,47.46909091
720,TN057-21 MgCa_shakun.csv,10301,26095,123,128.4065041,0,128.4065041,0,NA
721,TN057-21 UK37_shakun.csv,6083,99848,825,113.6545455,44,781,84.63636364,115.4366197
722,Topptjonna.Paus.2011.lpd.csv,6133.4277,11823.53,60,94.83503833,53,7,72.47367547,280.0667429
723,Tornetrask.Grudd.2002.lpd.csv,-47,7356,7404,0.999864938,7404,0,0.999864938,0
724,Toskaljavri.Seppa.2002.lpd.csv,0,9500,95,100,95,0,100,0
725,TourbieredeLanorieHenri.Comtois.1982.lpd.csv,265,6620,23,276.3043478,23,0,276.3043478,0
726,TourbieredeLanorieStJean.Comtois.1982.lpd.csv,0,5468,40,136.7,40,0,136.7,0
727,TR163-22_shakun.csv,1200,135100,427,313.5831382,28,399,310.7142857,314.2857143
728,TR163_22.Lea.2006.lpd.csv,1137.5,135100,471,284.4214437,41,430,213.7195122,291.2790698
729,TR163_31.Dubois.2009.lpd.csv,5440,24700,46,418.6956522,10,36,404,438.0555556
730,Trehorningen.Antonsson.2007.lpd.csv,0,8894,49,181.5102041,49,0,181.5102041,0
731,Trettetjorn.Bjune.2005.lpd.csv,-52,8526.963,53,161.8672264,53,0,161.8672264,0
732,Troll28-03.Klitgard-Kristensen.2001.lpd.csv,240,9800,73,130.9589041,73,0,130.9589041,0
733,Trout.Irvine.2012.lpd.csv,1783.99,15424.5,67,203.5897015,30,37,273.0276667,152.2094595
734,Tsuolbmajavri Lake.csv,-45.48,9917.87,146,68.24212329,146,0,68.24212329,0
735,Tsuolbmajavri.Korhola.2002.lpd.csv,0,10719.315,146,73.41996575,138,8,72.04203623,109.2675
736,TTR17_434G.Rodrigo-Gamiz.2014.lpd.csv,26.8,13728,92,148.926087,70,22,141.6242857,180.6772727
737,Tumbulovaty.Kultti.2004.lpd.csv,0,11165,28,398.75,25,3,387.608,614.9666667
738,Turkana.Berke.2012.lpd.csv,1093.599,6022.916,57,86.47924561,57,0,86.47924561,0
739,TwoYourtsLake.Nazarova.2013.lpd.csv,164.558,4500,36,120.4289444,36,0,120.4289444,0
740,Uitbergen.Verbruggen.1979.lpd.csv,-9.89,4371.91,15,292.12,15,0,292.12,0
741,UpperFly.Bunbury.2009.lpd.csv,9656.264,144.915,39,-243.8807436,39,0,-243.8807436,0
742,V19-28_shakun.csv,1889,28489,37,718.9189189,11,26,716.6363636,761.2307692
743,V21-30 MgCa_shakun.csv,1660,28310,57,467.5438596,21,36,392.2380952,520.5
744,V21-30 UK37_shakun.csv,2435,27472,62,403.8225806,20,42,376.7,425.3333333
745,Valiranta.Kharinei.2015.lpd.csv,-43.7,11502.7,100,115.464,92,8,108.2992391,221.205
746,Van.VanZeist.1978.lpd.csv,53.5,11002.46,84,130.3447619,72,12,136.9558333,98.14916667
747,Vatnamyri.Holmes.2011.lpd.csv,7549,10916,61,55.19672131,44,17,54.56818182,58.88235294
748,Vernerovice.Peichlova.1979.lpd.csv,160.41,13400.59,38,348.4257895,21,17,468,218.4247059
749,VestreOykjamyrtorn.EPD.lpd.csv,-31.41,13158.01,99,133.2264646,67,32,148.6477612,106.5784375
750,VestreOykjamytjorn.Velle.2005.lpd.csv,-53.4646966,13070.78964,82,160.0518822,56,26,176.9960904,127.1016543
751,Victoria.Berke.2012.lpd.csv,1372.664,15176.125,67,206.021806,48,19,174.3223958,302.3688947
752,VM12_107.Schmidt.2012.lpd.csv,566,49521,421,116.2826603,36,385,258.0555556,103.7532468
753,VM21_30.Koutavas.2003.lpd.csv,1660,31160,119,247.8991597,36,83,230.8055556,256.1807229
754,VM28-122_shakun.csv,3130,41040,72,526.5277778,8,64,836.25,492.34375
755,VM28_122.Schmidt.2004.lpd.csv,3130,41040,93,407.6344086,21,72,318.5714286,437.6388889
756,Vostok.csv,0,11642,273,42.64468864,239,34,41.74895397,50.38235294
757,Vostok.Vimeux.2002.lpd.csv,0,9840,493,19.95943205,493,0,19.95943205,0
758,Vostok_shakun.csv,0,24941,452,55.17920354,239,213,41.74895397,70.47887324
759,Vuoksjavratje.Berntsson.2014.lpd.csv,-44.444,5083.333,43,119.2506279,43,0,119.2506279,0
760,VuolepNjakajaure.Heinrichs.2006.lpd.csv,0,8899,42,211.8809524,42,0,211.8809524,0
761,vuoskkujavri.Bigler.2002.lpd.csv,-41.63,10214.21,60,170.9306667,57,3,175.4052632,143.19
762,W8709A-8_shakun.csv,200,29400,37,789.1891892,10,27,970,755.5555556
763,Wachel3.Doerfler.1989.lpd.csv,59.44,9985.34,104,95.44134615,104,0,95.44134615,0
764,WachseldornUntermoos.Oeschger.1980.lpd.csv,70.45,17548.34,87,200.8952874,43,44,227.4723256,178.8856818
765,WAISDivide.Cuffey.2016.lpd.csv,-56,67770.5,39117,1.733939208,5808,33309,1.731172521,1.734473566
766,WAISDivide.Fegyveresi.2016.lpd.csv,265,5324.5,55,91.99090909,55,0,91.99090909,0
767,Waxeckalm.Huettemann.1987.lpd.csv,85.75,7749.49,53,144.5988679,53,0,144.5988679,0
768,WCA3BGumboLimboFarTail.Willard.2001.lpd.csv,-40,4653,15,312.8666667,15,0,312.8666667,0
769,WCA3BGumboLimboMarsh.Willard.2001.lpd.csv,-34,4324,21,207.5238095,21,0,207.5238095,0
770,WestOkoboji.VanZant.1979.lpd.csv,5,16851,105,160.4380952,87,18,113.3103448,396.6666667
771,WhitePond.Krause.2019.lpd.csv,0,20984.8,74,283.5783784,29,45,343.7551724,249.6311111
772,WiggenhallSt.Germans.Waller.1994.lpd.csv,85.25,5204.53,30,170.6426667,30,0,170.6426667,0
773,WilderSeebeimRuhestein.EPD.lpd.csv,386.57,9644.12,259,35.74343629,259,0,35.74343629,0
774,WIND28K.Kiefer.2006.lpd.csv,4330,67530,100,632,15,85,354,685.4117647
775,Windy.Chase.2008.lpd.csv,507,13048,76,165.0131579,60,16,156.8166667,207.3125
776,Wonderkrater.Truc.2013.lpd.csv,-29,19575,55,356.4363636,35,20,282.2285714,505.9
777,Woryty.EPD.lpd.csv,347.14,13812.45,84,160.3013095,44,40,215.6097727,101.89375
778,Ximencuo.Herzschuh.2014.lpd.csv,62,19322,108,178.3333333,49,59,200.3061224,162.4067797
779,XingyunLake.Wu.2018.lpd.csv,-27,14192,67,212.2238806,49,18,204.4897959,248.1666667
780,Yakumo.Leipe.2013.lpd.csv,40,5506,38,143.8421053,38,0,143.8421053,0
781,Yanou.Foster.2016.lpd.csv,-57,5998,41,147.6829268,41,0,147.6829268,0
782,Yarnyshnoe.Seppa.2008.lpd.csv,1197.86,12484.02,56,201.5385714,40,16,219.1915,168.0675
783,Ylimysneva.Huttunen.1990.lpd.csv,-40.1,9471.38,51,186.4996078,51,0,186.4996078,0
784,Zalozhtsy.Bezusko.1992.lpd.csv,304.62,9905.4,24,400.0325,24,0,400.0325,0
785,Zbudovskablata.Rybnickova.1975.lpd.csv,-11.85,9987.83,22,454.5309091,22,0,454.5309091,0
1,1.csv,10506,16916,59,108.6440678,0,108.6440678,0,NA
2,10.csv,1150,14710,55,246.5454545,30,25,292,196
3,100.csv,8053,19495.9,137,83.52481752,33,104,58.09090909,92.19134615
4,11.csv,3220,20560,47,368.9361702,16,31,419.375,350.6451613
5,12.csv,960,14960,114,122.8070175,39,75,230.7692308,67.86666667
6,13.csv,6260,19880,141,96.59574468,18,123,206.1111111,81.30081301
7,14.csv,1100,14610,62,217.9032258,42,20,211.1904762,241.5
8,15.csv,1120,19780,108,172.7777778,40,68,217.25,150.1470588
9,16.csv,-19.5,13923,266,52.41541353,244,22,40.95696721,182.7272727
10,18.csv,9100.5,18261.4,78,117.4474359,5,73,169.46,115.8109589
11,19.csv,0,15629,184,84.94021739,70,114,142.7714286,50.0877193
12,2.csv,10854,21064,64,159.53125,0,159.53125,0,NA
13,20.csv,384,19394,56,339.4642857,5,51,1902.8,222.8823529
14,21.csv,230,24620,193,126.373057,91,102,106.7032967,150.0980392
15,22.csv,185,149480,867,172.1972318,140,727,69.91428571,191.9628611
16,23.csv,89,19402.1,97,199.1041237,32,65,307.71875,148.7861538
17,24.csv,89,19402.1,97,199.1041237,32,65,307.71875,148.7861538
18,25.csv,1008,25105,190,126.8263158,74,116,121.4594595,130.9741379
19,26.csv,3851.01,21042.82,73,235.5042466,28,45,211.2746429,257.0673333
20,29.csv,8962,18969.9,49,204.2428571,3,46,109.6333333,216.4108696
21,3.csv,11459,17150,42,135.5,0,135.5,0,NA
22,30.csv,6825.4,24988.9,280,64.86964286,56,224,55.83928571,67.48125
23,31.csv,6825.4,24988.9,243,74.74691358,50,193,62.54,78.32020725
24,32.csv,640,19980,204,94.80392157,16,188,572.5,55.21276596
25,33.csv,1000,24610,79,298.8607595,25,54,359.6,277.5925926
26,34.csv,723,20715,90,222.1333333,50,40,183.4,275.975
27,35.csv,723,20715,84,238,44,40,208.4090909,275.975
28,36.csv,1270,25000,174,136.3793103,38,136,228.4210526,111.6176471
29,37.csv,240,48320,247,194.6558704,20,227,481,171.0572687
30,38.csv,240,48320,262,183.5114504,19,243,506.3157895,159.7942387
31,39.csv,630,20831,134,150.7537313,78,56,119.4102564,195.6071429
32,4.csv,11459,17150,53,107.3773585,0,107.3773585,0,NA
33,40.csv,220,128724,485,264.956701,26,459,371.5769231,259.7124183
34,41.csv,420,13958,124,109.1774194,70,54,136.1714286,75.33333333
35,42.csv,100,17298,122,140.9672131,36,86,274.5277778,86.47674419
36,43.csv,8030.7,14029.2,105,57.12857143,35,70,54.29142857,59.54714286
37,44.csv,1450,57210,179,311.5083799,17,162,480.5882353,297.2222222
38,45.csv,1920,211709,124,1691.846774,10,114,734.9,1783.605263
39,46.csv,397,16053,65,240.8615385,38,27,236.3157895,255.3333333
40,47.csv,-18,39485,97,407.2474227,43,54,229.0465116,554.0555556
41,48.csv,-18,39485,97,407.2474227,43,54,229.0465116,554.0555556
42,49.csv,-18,37413,88,425.3522727,45,43,218.8666667,647.6046512
43,5.csv,8850,14610,62,92.90322581,12,50,89.16666667,95.8
44,52.csv,120,31600,280,112.4285714,77,203,128.3116883,106.9458128
45,53.csv,2430,100500,188,521.6489362,9,179,788.8888889,511.452514
46,54.csv,60,115120,309,372.3624595,64,245,153.75,430.7755102
47,55.csv,2230,20730,111,166.6666667,39,72,197.9487179,150.9722222
48,56.csv,2230,20730,98,188.7755102,35,63,220.5714286,174.1269841
49,57.csv,5500,24580,44,433.6363636,10,34,407,457.6470588
50,58.csv,1890,25426,26,905.2307692,10,16,776.1,1039.8125
51,59.csv,63,47730,93,512.5483871,38,55,255.5263158,693.9818182
52,6.csv,4380,13570,91,100.989011,16,75,347.5,51.73333333
53,60.csv,1160,100680,292,340.8219178,18,274,459.4444444,333.7591241
54,61.csv,2575,25198,29,780.1034483,7,22,950,777.3636364
55,62.csv,240,715770,664,1077.605422,26,638,366.1538462,1106.786834
56,63.csv,3715,26865,46,503.2608696,11,35,532,507.6
57,64.csv,1220,99140,151,648.4768212,16,135,528.125,668.0740741
58,65.csv,2364,27667,26,973.1923077,11,15,632.8181818,1269.2
59,66.csv,-49,24896,229,108.930131,113,116,87.24778761,132.2672414
60,67.csv,214,26421,335,78.22985075,81,254,120.5061728,64.92519685
61,68.csv,3080,13080,76,131.5789474,53,23,129.0566038,142.6086957
62,69.csv,30,13150,212,61.88679245,164,48,60.6097561,67.29166667
63,7.csv,8800,14760,31,192.2580645,5,26,238,191.1538462
64,70.csv,4272,17295,128,101.7421875,22,106,258.9090909,70.30188679
65,71.csv,63,17295,269,64.05947955,110,159,90.04545455,46.47169811
66,72.csv,63,17295,270,63.82222222,111,159,89.23423423,46.47169811
67,73.csv,920,449740,200,2244.1,7,193,1212.857143,2288.341969
68,74.csv,4200,10000,38,152.6315789,38,0,152.6315789,0
69,75.csv,210,9580,38,246.5789474,38,0,246.5789474,0
70,76.csv,4865.6,133240,133,965.2210526,2,131,1513.05,979.9572519
71,77.csv,361,1277346,407,3137.555283,33,374,285,3390.786096
72,78.csv,101,36199,136,265.4264706,49,87,200.5306122,304.4137931
73,79.csv,269,36834,121,302.1900826,44,77,219.6136364,352.1948052
74,8.csv,8850,20940,46,262.826087,4,42,247.5,271.4285714
75,80.csv,1518,78269,112,685.2767857,10,102,824.6,680.0784314
76,81.csv,1518,78269,112,685.2767857,10,102,824.6,680.0784314
77,82.csv,2448,78269,95,798.1157895,7,88,921.8571429,804.8636364
78,83.csv,177,80117,271,294.9815498,20,251,481.75,282.3386454
79,84.csv,1100,134800,172,777.3255814,21,151,419.047619,829.8013245
80,85.csv,1100,134800,170,786.4705882,21,149,419.047619,840.9395973
81,86.csv,1100,134800,172,777.3255814,21,151,419.047619,829.8013245
82,87.csv,7270,26600,92,210.1086957,3,89,613.3333333,200.5617978
83,88.csv,6070.6,26600,96,213.8479167,14,82,262.1428571,209.045122
84,89.csv,30,14460,78,185,59,19,166.6101695,253.1578947
85,9.csv,400,18170,107,166.0747664,3,104,2666.666667,124.7115385
86,90.csv,1792,20548,100,187.56,32,68,251.5625,157.5882353
87,91.csv,8000,93710,172,498.3139535,6,166,285,508.0722892
88,92.csv,0,21674,241,89.93360996,117,124,85.20512821,95.5
89,93.csv,60,21700,150,144.2666667,68,82,145.6176471,144.9390244
90,94.csv,0,21957,49,448.1020408,11,38,903.6363636,318.7105263
91,95.csv,-50,8384,76,110.9736842,76,0,110.9736842,0
92,96.csv,-50,10742,149,72.4295302,139,10,72.07194245,86.4
93,97.csv,2194.3,60034.2,214,270.2799065,3,211,2109.933333,259.1232227
94,98.csv,7.9,9.1,44,0.027272727,44,0,0.027272727,0
95,99.csv,182.86,29153.4,60,482.8423333,35,25,277.6588571,782.9912
